device_number,hoursfloor,poke_reward,count,mode,sex,days
1,-72,Active,0,Empty,m,-3
1,-72,Inactive,0,Empty,m,-3
1,-71,Active,0,Empty,m,-3
1,-71,Inactive,0,Empty,m,-3
1,-70,Active,0,Empty,m,-3
1,-70,Inactive,0,Empty,m,-3
1,-69,Active,0,Empty,m,-3
1,-69,Inactive,0,Empty,m,-3
1,-68,Active,0,Empty,m,-3
1,-68,Inactive,0,Empty,m,-3
1,-67,Active,0,Empty,m,-3
1,-67,Inactive,0,Empty,m,-3
1,-66,Active,0,Empty,m,-3
1,-66,Inactive,0,Empty,m,-3
1,-65,Active,0,Empty,m,-3
1,-65,Inactive,0,Empty,m,-3
1,-64,Active,0,Empty,m,-3
1,-64,Inactive,0,Empty,m,-3
1,-63,Active,0,Empty,m,-3
1,-63,Inactive,0,Empty,m,-3
1,-62,Active,0,Empty,m,-3
1,-62,Inactive,0,Empty,m,-3
1,-61,Active,0,Empty,m,-3
1,-61,Inactive,0,Empty,m,-3
1,-60,Active,0,Empty,m,-3
1,-60,Inactive,0,Empty,m,-3
1,-59,Active,0,Empty,m,-3
1,-59,Inactive,0,Empty,m,-3
1,-58,Active,0,Empty,m,-3
1,-58,Inactive,0,Empty,m,-3
1,-57,Active,0,Empty,m,-3
1,-57,Inactive,0,Empty,m,-3
1,-56,Active,0,Empty,m,-3
1,-56,Inactive,0,Empty,m,-3
1,-55,Active,0,Empty,m,-3
1,-55,Inactive,0,Empty,m,-3
1,-54,Active,0,Empty,m,-3
1,-54,Inactive,0,Empty,m,-3
1,-53,Active,0,Empty,m,-3
1,-53,Inactive,0,Empty,m,-3
1,-52,Active,0,Empty,m,-3
1,-52,Inactive,0,Empty,m,-3
1,-51,Active,0,Empty,m,-3
1,-51,Inactive,0,Empty,m,-3
1,-50,Active,0,Empty,m,-3
1,-50,Inactive,0,Empty,m,-3
1,-49,Active,0,Empty,m,-3
1,-49,Inactive,0,Empty,m,-3
1,-48,Active,0,Empty,m,-2
1,-48,Inactive,0,Empty,m,-2
1,-47,Active,0,Empty,m,-2
1,-47,Inactive,0,Empty,m,-2
1,-46,Active,3,Empty,m,-2
1,-46,Inactive,1,Empty,m,-2
1,-45,Active,3,Empty,m,-2
1,-45,Inactive,1,Empty,m,-2
1,-44,Active,0,Empty,m,-2
1,-44,Inactive,0,Empty,m,-2
1,-43,Active,1,Empty,m,-2
1,-43,Inactive,0,Empty,m,-2
1,-42,Active,3,Empty,m,-2
1,-42,Inactive,3,Empty,m,-2
1,-41,Active,24,Empty,m,-2
1,-41,Inactive,9,Empty,m,-2
1,-40,Active,31,Empty,m,-2
1,-40,Inactive,14,Empty,m,-2
1,-39,Active,36,Empty,m,-2
1,-39,Inactive,10,Empty,m,-2
1,-38,Active,26,Empty,m,-2
1,-38,Inactive,15,Empty,m,-2
1,-37,Active,3,Empty,m,-2
1,-37,Inactive,1,Empty,m,-2
1,-36,Active,0,Empty,m,-2
1,-36,Inactive,0,Empty,m,-2
1,-35,Active,25,Empty,m,-2
1,-35,Inactive,5,Empty,m,-2
1,-34,Active,12,Empty,m,-2
1,-34,Inactive,5,Empty,m,-2
1,-33,Active,0,Empty,m,-2
1,-33,Inactive,0,Empty,m,-2
1,-32,Active,14,Empty,m,-2
1,-32,Inactive,4,Empty,m,-2
1,-31,Active,6,Empty,m,-2
1,-31,Inactive,0,Empty,m,-2
1,-30,Active,0,Empty,m,-2
1,-30,Inactive,0,Empty,m,-2
1,-29,Active,1,Empty,m,-2
1,-29,Inactive,0,Empty,m,-2
1,-28,Active,10,Empty,m,-2
1,-28,Inactive,2,Empty,m,-2
1,-27,Active,0,Empty,m,-2
1,-27,Inactive,0,Empty,m,-2
1,-26,Active,2,Empty,m,-2
1,-26,Inactive,0,Empty,m,-2
1,-25,Active,10,Empty,m,-2
1,-25,Inactive,1,Empty,m,-2
1,-24,Active,1,Empty,m,-1
1,-24,Inactive,0,Empty,m,-1
1,-23,Active,3,Empty,m,-1
1,-23,Inactive,0,Empty,m,-1
1,-22,Active,1,Empty,m,-1
1,-22,Inactive,0,Empty,m,-1
1,-21,Active,0,Empty,m,-1
1,-21,Inactive,2,Empty,m,-1
1,-20,Active,0,Empty,m,-1
1,-20,Inactive,0,Empty,m,-1
1,-19,Active,0,Empty,m,-1
1,-19,Inactive,0,Empty,m,-1
1,-18,Active,0,Empty,m,-1
1,-18,Inactive,0,Empty,m,-1
1,-17,Active,13,Empty,m,-1
1,-17,Inactive,1,Empty,m,-1
1,-16,Active,9,Empty,m,-1
1,-16,Inactive,5,Empty,m,-1
1,-15,Active,8,Empty,m,-1
1,-15,Inactive,1,Empty,m,-1
1,-14,Active,12,Empty,m,-1
1,-14,Inactive,4,Empty,m,-1
1,-13,Active,8,Empty,m,-1
1,-13,Inactive,0,Empty,m,-1
1,-12,Active,1,Empty,m,-1
1,-12,Inactive,0,Empty,m,-1
1,-11,Active,3,Empty,m,-1
1,-11,Inactive,3,Empty,m,-1
1,-10,Active,8,Empty,m,-1
1,-10,Inactive,0,Empty,m,-1
1,-9,Active,4,Empty,m,-1
1,-9,Inactive,1,Empty,m,-1
1,-8,Active,2,Empty,m,-1
1,-8,Inactive,6,Empty,m,-1
1,-7,Active,3,Empty,m,-1
1,-7,Inactive,1,Empty,m,-1
1,-6,Active,0,Empty,m,-1
1,-6,Inactive,0,Empty,m,-1
1,-5,Active,8,Empty,m,-1
1,-5,Inactive,0,Empty,m,-1
1,-4,Active,0,Empty,m,-1
1,-4,Inactive,1,Empty,m,-1
1,-3,Active,3,Empty,m,-1
1,-3,Inactive,0,Empty,m,-1
1,-2,Active,2,Empty,m,-1
1,-2,Inactive,1,Empty,m,-1
1,-1,Active,0,Empty,m,-1
1,-1,Inactive,0,Empty,m,-1
1,0,Active,0,Social,m,0
1,0,Inactive,0,Social,m,0
1,1,Active,7,Social,m,0
1,1,Inactive,1,Social,m,0
1,2,Active,1,Social,m,0
1,2,Inactive,2,Social,m,0
1,3,Active,4,Social,m,0
1,3,Inactive,6,Social,m,0
1,4,Active,3,Social,m,0
1,4,Inactive,0,Social,m,0
1,5,Active,0,Social,m,0
1,5,Inactive,0,Social,m,0
1,6,Active,3,Social,m,0
1,6,Inactive,2,Social,m,0
1,7,Active,9,Social,m,0
1,7,Inactive,1,Social,m,0
1,8,Active,8,Social,m,0
1,8,Inactive,0,Social,m,0
1,9,Active,42,Social,m,0
1,9,Inactive,6,Social,m,0
1,10,Active,20,Social,m,0
1,10,Inactive,1,Social,m,0
1,11,Active,21,Social,m,0
1,11,Inactive,5,Social,m,0
1,12,Active,7,Social,m,0
1,12,Inactive,0,Social,m,0
1,13,Active,1,Social,m,0
1,13,Inactive,0,Social,m,0
1,14,Active,14,Social,m,0
1,14,Inactive,2,Social,m,0
1,15,Active,27,Social,m,0
1,15,Inactive,1,Social,m,0
1,16,Active,9,Social,m,0
1,16,Inactive,0,Social,m,0
1,17,Active,6,Social,m,0
1,17,Inactive,0,Social,m,0
1,18,Active,9,Social,m,0
1,18,Inactive,1,Social,m,0
1,19,Active,16,Social,m,0
1,19,Inactive,3,Social,m,0
1,20,Active,7,Social,m,0
1,20,Inactive,2,Social,m,0
1,21,Active,0,Social,m,0
1,21,Inactive,0,Social,m,0
1,22,Active,6,Social,m,0
1,22,Inactive,2,Social,m,0
1,23,Active,0,Social,m,0
1,23,Inactive,1,Social,m,0
1,24,Active,1,Social,m,1
1,24,Inactive,1,Social,m,1
1,25,Active,1,Social,m,1
1,25,Inactive,1,Social,m,1
1,26,Active,0,Social,m,1
1,26,Inactive,0,Social,m,1
1,27,Active,18,Social,m,1
1,27,Inactive,2,Social,m,1
1,28,Active,1,Social,m,1
1,28,Inactive,2,Social,m,1
1,29,Active,0,Social,m,1
1,29,Inactive,0,Social,m,1
1,30,Active,8,Social,m,1
1,30,Inactive,0,Social,m,1
1,31,Active,4,Social,m,1
1,31,Inactive,0,Social,m,1
1,32,Active,45,Social,m,1
1,32,Inactive,4,Social,m,1
1,33,Active,23,Social,m,1
1,33,Inactive,1,Social,m,1
1,34,Active,11,Social,m,1
1,34,Inactive,2,Social,m,1
1,35,Active,32,Social,m,1
1,35,Inactive,0,Social,m,1
1,36,Active,41,Social,m,1
1,36,Inactive,7,Social,m,1
1,37,Active,36,Social,m,1
1,37,Inactive,4,Social,m,1
1,38,Active,24,Social,m,1
1,38,Inactive,3,Social,m,1
1,39,Active,6,Social,m,1
1,39,Inactive,1,Social,m,1
1,40,Active,20,Social,m,1
1,40,Inactive,0,Social,m,1
1,41,Active,24,Social,m,1
1,41,Inactive,2,Social,m,1
1,42,Active,23,Social,m,1
1,42,Inactive,1,Social,m,1
1,43,Active,0,Social,m,1
1,43,Inactive,0,Social,m,1
1,44,Active,13,Social,m,1
1,44,Inactive,2,Social,m,1
1,45,Active,1,Social,m,1
1,45,Inactive,0,Social,m,1
1,46,Active,0,Social,m,1
1,46,Inactive,1,Social,m,1
1,47,Active,7,Social,m,1
1,47,Inactive,1,Social,m,1
1,48,Active,19,Social,m,2
1,48,Inactive,2,Social,m,2
1,49,Active,0,Social,m,2
1,49,Inactive,0,Social,m,2
1,50,Active,2,Social,m,2
1,50,Inactive,1,Social,m,2
1,51,Active,0,Social,m,2
1,51,Inactive,0,Social,m,2
1,52,Active,0,Social,m,2
1,52,Inactive,1,Social,m,2
1,53,Active,20,Social,m,2
1,53,Inactive,10,Social,m,2
1,54,Active,2,Social,m,2
1,54,Inactive,0,Social,m,2
1,55,Active,34,Social,m,2
1,55,Inactive,5,Social,m,2
1,56,Active,10,Social,m,2
1,56,Inactive,0,Social,m,2
1,57,Active,29,Social,m,2
1,57,Inactive,1,Social,m,2
1,58,Active,17,Social,m,2
1,58,Inactive,0,Social,m,2
1,59,Active,27,Social,m,2
1,59,Inactive,4,Social,m,2
1,60,Active,35,Social,m,2
1,60,Inactive,5,Social,m,2
1,61,Active,58,Social,m,2
1,61,Inactive,15,Social,m,2
1,62,Active,21,Social,m,2
1,62,Inactive,8,Social,m,2
1,63,Active,35,Social,m,2
1,63,Inactive,13,Social,m,2
1,64,Active,11,Social,m,2
1,64,Inactive,13,Social,m,2
1,65,Active,10,Social,m,2
1,65,Inactive,0,Social,m,2
1,66,Active,20,Social,m,2
1,66,Inactive,4,Social,m,2
1,67,Active,5,Social,m,2
1,67,Inactive,3,Social,m,2
1,68,Active,0,Social,m,2
1,68,Inactive,0,Social,m,2
1,69,Active,12,Social,m,2
1,69,Inactive,4,Social,m,2
1,70,Active,8,Social,m,2
1,70,Inactive,1,Social,m,2
1,71,Active,0,Social,m,2
1,71,Inactive,1,Social,m,2
4,-72,Active,0,Empty,f,-3
4,-72,Inactive,3,Empty,f,-3
4,-71,Active,1,Empty,f,-3
4,-71,Inactive,0,Empty,f,-3
4,-70,Active,0,Empty,f,-3
4,-70,Inactive,0,Empty,f,-3
4,-69,Active,1,Empty,f,-3
4,-69,Inactive,1,Empty,f,-3
4,-68,Active,4,Empty,f,-3
4,-68,Inactive,0,Empty,f,-3
4,-67,Active,0,Empty,f,-3
4,-67,Inactive,0,Empty,f,-3
4,-66,Active,0,Empty,f,-3
4,-66,Inactive,0,Empty,f,-3
4,-65,Active,0,Empty,f,-3
4,-65,Inactive,1,Empty,f,-3
4,-64,Active,17,Empty,f,-3
4,-64,Inactive,1,Empty,f,-3
4,-63,Active,1,Empty,f,-3
4,-63,Inactive,0,Empty,f,-3
4,-62,Active,22,Empty,f,-3
4,-62,Inactive,4,Empty,f,-3
4,-61,Active,23,Empty,f,-3
4,-61,Inactive,7,Empty,f,-3
4,-60,Active,13,Empty,f,-3
4,-60,Inactive,3,Empty,f,-3
4,-59,Active,16,Empty,f,-3
4,-59,Inactive,0,Empty,f,-3
4,-58,Active,51,Empty,f,-3
4,-58,Inactive,9,Empty,f,-3
4,-57,Active,3,Empty,f,-3
4,-57,Inactive,12,Empty,f,-3
4,-56,Active,3,Empty,f,-3
4,-56,Inactive,0,Empty,f,-3
4,-55,Active,8,Empty,f,-3
4,-55,Inactive,0,Empty,f,-3
4,-54,Active,5,Empty,f,-3
4,-54,Inactive,6,Empty,f,-3
4,-53,Active,0,Empty,f,-3
4,-53,Inactive,0,Empty,f,-3
4,-52,Active,0,Empty,f,-3
4,-52,Inactive,0,Empty,f,-3
4,-51,Active,2,Empty,f,-3
4,-51,Inactive,4,Empty,f,-3
4,-50,Active,0,Empty,f,-3
4,-50,Inactive,0,Empty,f,-3
4,-49,Active,0,Empty,f,-3
4,-49,Inactive,0,Empty,f,-3
4,-48,Active,5,Empty,f,-2
4,-48,Inactive,1,Empty,f,-2
4,-47,Active,0,Empty,f,-2
4,-47,Inactive,0,Empty,f,-2
4,-46,Active,3,Empty,f,-2
4,-46,Inactive,0,Empty,f,-2
4,-45,Active,0,Empty,f,-2
4,-45,Inactive,0,Empty,f,-2
4,-44,Active,6,Empty,f,-2
4,-44,Inactive,2,Empty,f,-2
4,-43,Active,0,Empty,f,-2
4,-43,Inactive,0,Empty,f,-2
4,-42,Active,7,Empty,f,-2
4,-42,Inactive,3,Empty,f,-2
4,-41,Active,0,Empty,f,-2
4,-41,Inactive,0,Empty,f,-2
4,-40,Active,2,Empty,f,-2
4,-40,Inactive,0,Empty,f,-2
4,-39,Active,8,Empty,f,-2
4,-39,Inactive,3,Empty,f,-2
4,-38,Active,5,Empty,f,-2
4,-38,Inactive,3,Empty,f,-2
4,-37,Active,6,Empty,f,-2
4,-37,Inactive,0,Empty,f,-2
4,-36,Active,4,Empty,f,-2
4,-36,Inactive,2,Empty,f,-2
4,-35,Active,12,Empty,f,-2
4,-35,Inactive,3,Empty,f,-2
4,-34,Active,9,Empty,f,-2
4,-34,Inactive,3,Empty,f,-2
4,-33,Active,18,Empty,f,-2
4,-33,Inactive,53,Empty,f,-2
4,-32,Active,0,Empty,f,-2
4,-32,Inactive,0,Empty,f,-2
4,-31,Active,4,Empty,f,-2
4,-31,Inactive,3,Empty,f,-2
4,-30,Active,18,Empty,f,-2
4,-30,Inactive,3,Empty,f,-2
4,-29,Active,0,Empty,f,-2
4,-29,Inactive,0,Empty,f,-2
4,-28,Active,0,Empty,f,-2
4,-28,Inactive,1,Empty,f,-2
4,-27,Active,0,Empty,f,-2
4,-27,Inactive,0,Empty,f,-2
4,-26,Active,0,Empty,f,-2
4,-26,Inactive,0,Empty,f,-2
4,-25,Active,2,Empty,f,-2
4,-25,Inactive,2,Empty,f,-2
4,-24,Active,0,Empty,f,-1
4,-24,Inactive,0,Empty,f,-1
4,-23,Active,1,Empty,f,-1
4,-23,Inactive,0,Empty,f,-1
4,-22,Active,3,Empty,f,-1
4,-22,Inactive,0,Empty,f,-1
4,-21,Active,0,Empty,f,-1
4,-21,Inactive,1,Empty,f,-1
4,-20,Active,1,Empty,f,-1
4,-20,Inactive,0,Empty,f,-1
4,-19,Active,0,Empty,f,-1
4,-19,Inactive,0,Empty,f,-1
4,-18,Active,3,Empty,f,-1
4,-18,Inactive,2,Empty,f,-1
4,-17,Active,11,Empty,f,-1
4,-17,Inactive,13,Empty,f,-1
4,-16,Active,3,Empty,f,-1
4,-16,Inactive,1,Empty,f,-1
4,-15,Active,5,Empty,f,-1
4,-15,Inactive,6,Empty,f,-1
4,-14,Active,1,Empty,f,-1
4,-14,Inactive,0,Empty,f,-1
4,-13,Active,5,Empty,f,-1
4,-13,Inactive,6,Empty,f,-1
4,-12,Active,14,Empty,f,-1
4,-12,Inactive,8,Empty,f,-1
4,-11,Active,7,Empty,f,-1
4,-11,Inactive,12,Empty,f,-1
4,-10,Active,7,Empty,f,-1
4,-10,Inactive,9,Empty,f,-1
4,-9,Active,12,Empty,f,-1
4,-9,Inactive,7,Empty,f,-1
4,-8,Active,2,Empty,f,-1
4,-8,Inactive,2,Empty,f,-1
4,-7,Active,3,Empty,f,-1
4,-7,Inactive,0,Empty,f,-1
4,-6,Active,6,Empty,f,-1
4,-6,Inactive,5,Empty,f,-1
4,-5,Active,0,Empty,f,-1
4,-5,Inactive,1,Empty,f,-1
4,-4,Active,3,Empty,f,-1
4,-4,Inactive,4,Empty,f,-1
4,-3,Active,0,Empty,f,-1
4,-3,Inactive,0,Empty,f,-1
4,-2,Active,0,Empty,f,-1
4,-2,Inactive,0,Empty,f,-1
4,-1,Active,0,Empty,f,-1
4,-1,Inactive,0,Empty,f,-1
4,0,Active,0,Social,f,0
4,0,Inactive,0,Social,f,0
4,1,Active,1,Social,f,0
4,1,Inactive,2,Social,f,0
4,2,Active,0,Social,f,0
4,2,Inactive,0,Social,f,0
4,3,Active,3,Social,f,0
4,3,Inactive,4,Social,f,0
4,4,Active,10,Social,f,0
4,4,Inactive,2,Social,f,0
4,5,Active,0,Social,f,0
4,5,Inactive,1,Social,f,0
4,6,Active,1,Social,f,0
4,6,Inactive,1,Social,f,0
4,7,Active,4,Social,f,0
4,7,Inactive,2,Social,f,0
4,8,Active,13,Social,f,0
4,8,Inactive,6,Social,f,0
4,9,Active,9,Social,f,0
4,9,Inactive,3,Social,f,0
4,10,Active,16,Social,f,0
4,10,Inactive,8,Social,f,0
4,11,Active,14,Social,f,0
4,11,Inactive,1,Social,f,0
4,12,Active,5,Social,f,0
4,12,Inactive,0,Social,f,0
4,13,Active,14,Social,f,0
4,13,Inactive,1,Social,f,0
4,14,Active,13,Social,f,0
4,14,Inactive,7,Social,f,0
4,15,Active,8,Social,f,0
4,15,Inactive,4,Social,f,0
4,16,Active,32,Social,f,0
4,16,Inactive,10,Social,f,0
4,17,Active,3,Social,f,0
4,17,Inactive,2,Social,f,0
4,18,Active,0,Social,f,0
4,18,Inactive,0,Social,f,0
4,19,Active,0,Social,f,0
4,19,Inactive,0,Social,f,0
4,20,Active,0,Social,f,0
4,20,Inactive,0,Social,f,0
4,21,Active,6,Social,f,0
4,21,Inactive,2,Social,f,0
4,22,Active,0,Social,f,0
4,22,Inactive,0,Social,f,0
4,23,Active,0,Social,f,0
4,23,Inactive,0,Social,f,0
4,24,Active,0,Social,f,1
4,24,Inactive,2,Social,f,1
4,25,Active,2,Social,f,1
4,25,Inactive,1,Social,f,1
4,26,Active,17,Social,f,1
4,26,Inactive,7,Social,f,1
4,27,Active,6,Social,f,1
4,27,Inactive,2,Social,f,1
4,28,Active,4,Social,f,1
4,28,Inactive,4,Social,f,1
4,29,Active,1,Social,f,1
4,29,Inactive,0,Social,f,1
4,30,Active,2,Social,f,1
4,30,Inactive,1,Social,f,1
4,31,Active,16,Social,f,1
4,31,Inactive,4,Social,f,1
4,32,Active,8,Social,f,1
4,32,Inactive,4,Social,f,1
4,33,Active,7,Social,f,1
4,33,Inactive,4,Social,f,1
4,34,Active,14,Social,f,1
4,34,Inactive,4,Social,f,1
4,35,Active,16,Social,f,1
4,35,Inactive,4,Social,f,1
4,36,Active,2,Social,f,1
4,36,Inactive,2,Social,f,1
4,37,Active,7,Social,f,1
4,37,Inactive,0,Social,f,1
4,38,Active,8,Social,f,1
4,38,Inactive,2,Social,f,1
4,39,Active,12,Social,f,1
4,39,Inactive,2,Social,f,1
4,40,Active,14,Social,f,1
4,40,Inactive,11,Social,f,1
4,41,Active,5,Social,f,1
4,41,Inactive,3,Social,f,1
4,42,Active,1,Social,f,1
4,42,Inactive,0,Social,f,1
4,43,Active,0,Social,f,1
4,43,Inactive,0,Social,f,1
4,44,Active,11,Social,f,1
4,44,Inactive,2,Social,f,1
4,45,Active,0,Social,f,1
4,45,Inactive,0,Social,f,1
4,46,Active,0,Social,f,1
4,46,Inactive,0,Social,f,1
4,47,Active,0,Social,f,1
4,47,Inactive,0,Social,f,1
4,48,Active,9,Social,f,2
4,48,Inactive,2,Social,f,2
4,49,Active,0,Social,f,2
4,49,Inactive,0,Social,f,2
4,50,Active,0,Social,f,2
4,50,Inactive,0,Social,f,2
4,51,Active,0,Social,f,2
4,51,Inactive,1,Social,f,2
4,52,Active,7,Social,f,2
4,52,Inactive,3,Social,f,2
4,53,Active,1,Social,f,2
4,53,Inactive,0,Social,f,2
4,54,Active,20,Social,f,2
4,54,Inactive,3,Social,f,2
4,55,Active,10,Social,f,2
4,55,Inactive,5,Social,f,2
4,56,Active,14,Social,f,2
4,56,Inactive,4,Social,f,2
4,57,Active,7,Social,f,2
4,57,Inactive,2,Social,f,2
4,58,Active,16,Social,f,2
4,58,Inactive,4,Social,f,2
4,59,Active,26,Social,f,2
4,59,Inactive,6,Social,f,2
4,60,Active,12,Social,f,2
4,60,Inactive,4,Social,f,2
4,61,Active,26,Social,f,2
4,61,Inactive,4,Social,f,2
4,62,Active,28,Social,f,2
4,62,Inactive,2,Social,f,2
4,63,Active,5,Social,f,2
4,63,Inactive,2,Social,f,2
4,64,Active,10,Social,f,2
4,64,Inactive,4,Social,f,2
4,65,Active,0,Social,f,2
4,65,Inactive,0,Social,f,2
4,66,Active,2,Social,f,2
4,66,Inactive,0,Social,f,2
4,67,Active,0,Social,f,2
4,67,Inactive,0,Social,f,2
4,68,Active,8,Social,f,2
4,68,Inactive,2,Social,f,2
4,69,Active,9,Social,f,2
4,69,Inactive,3,Social,f,2
4,70,Active,0,Social,f,2
4,70,Inactive,0,Social,f,2
4,71,Active,7,Social,f,2
4,71,Inactive,1,Social,f,2
7,-72,Active,0,Empty,f,-3
7,-72,Inactive,0,Empty,f,-3
7,-71,Active,0,Empty,f,-3
7,-71,Inactive,0,Empty,f,-3
7,-70,Active,0,Empty,f,-3
7,-70,Inactive,0,Empty,f,-3
7,-69,Active,2,Empty,f,-3
7,-69,Inactive,1,Empty,f,-3
7,-68,Active,0,Empty,f,-3
7,-68,Inactive,0,Empty,f,-3
7,-67,Active,0,Empty,f,-3
7,-67,Inactive,0,Empty,f,-3
7,-66,Active,2,Empty,f,-3
7,-66,Inactive,2,Empty,f,-3
7,-65,Active,8,Empty,f,-3
7,-65,Inactive,2,Empty,f,-3
7,-64,Active,4,Empty,f,-3
7,-64,Inactive,2,Empty,f,-3
7,-63,Active,7,Empty,f,-3
7,-63,Inactive,7,Empty,f,-3
7,-62,Active,5,Empty,f,-3
7,-62,Inactive,0,Empty,f,-3
7,-61,Active,7,Empty,f,-3
7,-61,Inactive,3,Empty,f,-3
7,-60,Active,8,Empty,f,-3
7,-60,Inactive,1,Empty,f,-3
7,-59,Active,16,Empty,f,-3
7,-59,Inactive,3,Empty,f,-3
7,-58,Active,5,Empty,f,-3
7,-58,Inactive,0,Empty,f,-3
7,-57,Active,4,Empty,f,-3
7,-57,Inactive,0,Empty,f,-3
7,-56,Active,11,Empty,f,-3
7,-56,Inactive,2,Empty,f,-3
7,-55,Active,8,Empty,f,-3
7,-55,Inactive,3,Empty,f,-3
7,-54,Active,0,Empty,f,-3
7,-54,Inactive,1,Empty,f,-3
7,-53,Active,0,Empty,f,-3
7,-53,Inactive,1,Empty,f,-3
7,-52,Active,4,Empty,f,-3
7,-52,Inactive,3,Empty,f,-3
7,-51,Active,0,Empty,f,-3
7,-51,Inactive,0,Empty,f,-3
7,-50,Active,0,Empty,f,-3
7,-50,Inactive,0,Empty,f,-3
7,-49,Active,0,Empty,f,-3
7,-49,Inactive,0,Empty,f,-3
7,-48,Active,0,Empty,f,-2
7,-48,Inactive,1,Empty,f,-2
7,-47,Active,0,Empty,f,-2
7,-47,Inactive,3,Empty,f,-2
7,-46,Active,4,Empty,f,-2
7,-46,Inactive,2,Empty,f,-2
7,-45,Active,0,Empty,f,-2
7,-45,Inactive,0,Empty,f,-2
7,-44,Active,0,Empty,f,-2
7,-44,Inactive,0,Empty,f,-2
7,-43,Active,0,Empty,f,-2
7,-43,Inactive,0,Empty,f,-2
7,-42,Active,0,Empty,f,-2
7,-42,Inactive,0,Empty,f,-2
7,-41,Active,18,Empty,f,-2
7,-41,Inactive,1,Empty,f,-2
7,-40,Active,2,Empty,f,-2
7,-40,Inactive,0,Empty,f,-2
7,-39,Active,12,Empty,f,-2
7,-39,Inactive,3,Empty,f,-2
7,-38,Active,9,Empty,f,-2
7,-38,Inactive,1,Empty,f,-2
7,-37,Active,3,Empty,f,-2
7,-37,Inactive,1,Empty,f,-2
7,-36,Active,0,Empty,f,-2
7,-36,Inactive,0,Empty,f,-2
7,-35,Active,0,Empty,f,-2
7,-35,Inactive,0,Empty,f,-2
7,-34,Active,1,Empty,f,-2
7,-34,Inactive,0,Empty,f,-2
7,-33,Active,5,Empty,f,-2
7,-33,Inactive,0,Empty,f,-2
7,-32,Active,2,Empty,f,-2
7,-32,Inactive,0,Empty,f,-2
7,-31,Active,0,Empty,f,-2
7,-31,Inactive,0,Empty,f,-2
7,-30,Active,0,Empty,f,-2
7,-30,Inactive,0,Empty,f,-2
7,-29,Active,0,Empty,f,-2
7,-29,Inactive,0,Empty,f,-2
7,-28,Active,0,Empty,f,-2
7,-28,Inactive,1,Empty,f,-2
7,-27,Active,0,Empty,f,-2
7,-27,Inactive,0,Empty,f,-2
7,-26,Active,1,Empty,f,-2
7,-26,Inactive,0,Empty,f,-2
7,-25,Active,0,Empty,f,-2
7,-25,Inactive,0,Empty,f,-2
7,-24,Active,0,Empty,f,-1
7,-24,Inactive,0,Empty,f,-1
7,-23,Active,0,Empty,f,-1
7,-23,Inactive,0,Empty,f,-1
7,-22,Active,0,Empty,f,-1
7,-22,Inactive,0,Empty,f,-1
7,-21,Active,0,Empty,f,-1
7,-21,Inactive,0,Empty,f,-1
7,-20,Active,0,Empty,f,-1
7,-20,Inactive,0,Empty,f,-1
7,-19,Active,0,Empty,f,-1
7,-19,Inactive,0,Empty,f,-1
7,-18,Active,3,Empty,f,-1
7,-18,Inactive,0,Empty,f,-1
7,-17,Active,6,Empty,f,-1
7,-17,Inactive,1,Empty,f,-1
7,-16,Active,6,Empty,f,-1
7,-16,Inactive,2,Empty,f,-1
7,-15,Active,6,Empty,f,-1
7,-15,Inactive,0,Empty,f,-1
7,-14,Active,4,Empty,f,-1
7,-14,Inactive,0,Empty,f,-1
7,-13,Active,11,Empty,f,-1
7,-13,Inactive,2,Empty,f,-1
7,-12,Active,2,Empty,f,-1
7,-12,Inactive,1,Empty,f,-1
7,-11,Active,0,Empty,f,-1
7,-11,Inactive,0,Empty,f,-1
7,-10,Active,15,Empty,f,-1
7,-10,Inactive,7,Empty,f,-1
7,-9,Active,7,Empty,f,-1
7,-9,Inactive,4,Empty,f,-1
7,-8,Active,8,Empty,f,-1
7,-8,Inactive,0,Empty,f,-1
7,-7,Active,3,Empty,f,-1
7,-7,Inactive,0,Empty,f,-1
7,-6,Active,0,Empty,f,-1
7,-6,Inactive,0,Empty,f,-1
7,-5,Active,0,Empty,f,-1
7,-5,Inactive,0,Empty,f,-1
7,-4,Active,0,Empty,f,-1
7,-4,Inactive,0,Empty,f,-1
7,-3,Active,0,Empty,f,-1
7,-3,Inactive,0,Empty,f,-1
7,-2,Active,0,Empty,f,-1
7,-2,Inactive,0,Empty,f,-1
7,-1,Active,1,Empty,f,-1
7,-1,Inactive,2,Empty,f,-1
7,0,Active,2,Social,f,0
7,0,Inactive,0,Social,f,0
7,1,Active,0,Social,f,0
7,1,Inactive,1,Social,f,0
7,2,Active,5,Social,f,0
7,2,Inactive,1,Social,f,0
7,3,Active,4,Social,f,0
7,3,Inactive,2,Social,f,0
7,4,Active,0,Social,f,0
7,4,Inactive,0,Social,f,0
7,5,Active,0,Social,f,0
7,5,Inactive,0,Social,f,0
7,6,Active,4,Social,f,0
7,6,Inactive,2,Social,f,0
7,7,Active,4,Social,f,0
7,7,Inactive,0,Social,f,0
7,8,Active,7,Social,f,0
7,8,Inactive,1,Social,f,0
7,9,Active,4,Social,f,0
7,9,Inactive,0,Social,f,0
7,10,Active,21,Social,f,0
7,10,Inactive,3,Social,f,0
7,11,Active,10,Social,f,0
7,11,Inactive,1,Social,f,0
7,12,Active,26,Social,f,0
7,12,Inactive,1,Social,f,0
7,13,Active,31,Social,f,0
7,13,Inactive,3,Social,f,0
7,14,Active,27,Social,f,0
7,14,Inactive,2,Social,f,0
7,15,Active,19,Social,f,0
7,15,Inactive,4,Social,f,0
7,16,Active,0,Social,f,0
7,16,Inactive,0,Social,f,0
7,17,Active,1,Social,f,0
7,17,Inactive,0,Social,f,0
7,18,Active,0,Social,f,0
7,18,Inactive,0,Social,f,0
7,19,Active,3,Social,f,0
7,19,Inactive,3,Social,f,0
7,20,Active,0,Social,f,0
7,20,Inactive,0,Social,f,0
7,21,Active,1,Social,f,0
7,21,Inactive,0,Social,f,0
7,22,Active,0,Social,f,0
7,22,Inactive,0,Social,f,0
7,23,Active,0,Social,f,0
7,23,Inactive,0,Social,f,0
7,24,Active,0,Social,f,1
7,24,Inactive,0,Social,f,1
7,25,Active,1,Social,f,1
7,25,Inactive,0,Social,f,1
7,26,Active,0,Social,f,1
7,26,Inactive,0,Social,f,1
7,27,Active,0,Social,f,1
7,27,Inactive,0,Social,f,1
7,28,Active,0,Social,f,1
7,28,Inactive,0,Social,f,1
7,29,Active,0,Social,f,1
7,29,Inactive,0,Social,f,1
7,30,Active,56,Social,f,1
7,30,Inactive,6,Social,f,1
7,31,Active,42,Social,f,1
7,31,Inactive,2,Social,f,1
7,32,Active,35,Social,f,1
7,32,Inactive,8,Social,f,1
7,33,Active,30,Social,f,1
7,33,Inactive,3,Social,f,1
7,34,Active,23,Social,f,1
7,34,Inactive,3,Social,f,1
7,35,Active,0,Social,f,1
7,35,Inactive,0,Social,f,1
7,36,Active,29,Social,f,1
7,36,Inactive,2,Social,f,1
7,37,Active,35,Social,f,1
7,37,Inactive,8,Social,f,1
7,38,Active,14,Social,f,1
7,38,Inactive,3,Social,f,1
7,39,Active,20,Social,f,1
7,39,Inactive,8,Social,f,1
7,40,Active,0,Social,f,1
7,40,Inactive,0,Social,f,1
7,41,Active,0,Social,f,1
7,41,Inactive,0,Social,f,1
7,42,Active,0,Social,f,1
7,42,Inactive,0,Social,f,1
7,43,Active,5,Social,f,1
7,43,Inactive,0,Social,f,1
7,44,Active,0,Social,f,1
7,44,Inactive,0,Social,f,1
7,45,Active,0,Social,f,1
7,45,Inactive,0,Social,f,1
7,46,Active,1,Social,f,1
7,46,Inactive,0,Social,f,1
7,47,Active,0,Social,f,1
7,47,Inactive,1,Social,f,1
7,48,Active,7,Social,f,2
7,48,Inactive,8,Social,f,2
7,49,Active,0,Social,f,2
7,49,Inactive,0,Social,f,2
7,50,Active,0,Social,f,2
7,50,Inactive,0,Social,f,2
7,51,Active,2,Social,f,2
7,51,Inactive,0,Social,f,2
7,52,Active,7,Social,f,2
7,52,Inactive,4,Social,f,2
7,53,Active,3,Social,f,2
7,53,Inactive,0,Social,f,2
7,54,Active,50,Social,f,2
7,54,Inactive,4,Social,f,2
7,55,Active,24,Social,f,2
7,55,Inactive,3,Social,f,2
7,56,Active,28,Social,f,2
7,56,Inactive,3,Social,f,2
7,57,Active,18,Social,f,2
7,57,Inactive,2,Social,f,2
7,58,Active,0,Social,f,2
7,58,Inactive,0,Social,f,2
7,59,Active,18,Social,f,2
7,59,Inactive,1,Social,f,2
7,60,Active,25,Social,f,2
7,60,Inactive,4,Social,f,2
7,61,Active,42,Social,f,2
7,61,Inactive,4,Social,f,2
7,62,Active,29,Social,f,2
7,62,Inactive,4,Social,f,2
7,63,Active,2,Social,f,2
7,63,Inactive,0,Social,f,2
7,64,Active,0,Social,f,2
7,64,Inactive,0,Social,f,2
7,65,Active,8,Social,f,2
7,65,Inactive,2,Social,f,2
7,66,Active,0,Social,f,2
7,66,Inactive,0,Social,f,2
7,67,Active,5,Social,f,2
7,67,Inactive,0,Social,f,2
7,68,Active,6,Social,f,2
7,68,Inactive,20,Social,f,2
7,69,Active,2,Social,f,2
7,69,Inactive,3,Social,f,2
7,70,Active,0,Social,f,2
7,70,Inactive,0,Social,f,2
7,71,Active,1,Social,f,2
7,71,Inactive,0,Social,f,2
10,-72,Active,0,Empty,m,-3
10,-72,Inactive,0,Empty,m,-3
10,-71,Active,0,Empty,m,-3
10,-71,Inactive,0,Empty,m,-3
10,-70,Active,2,Empty,m,-3
10,-70,Inactive,0,Empty,m,-3
10,-69,Active,0,Empty,m,-3
10,-69,Inactive,0,Empty,m,-3
10,-68,Active,0,Empty,m,-3
10,-68,Inactive,0,Empty,m,-3
10,-67,Active,0,Empty,m,-3
10,-67,Inactive,0,Empty,m,-3
10,-66,Active,0,Empty,m,-3
10,-66,Inactive,1,Empty,m,-3
10,-65,Active,3,Empty,m,-3
10,-65,Inactive,2,Empty,m,-3
10,-64,Active,4,Empty,m,-3
10,-64,Inactive,1,Empty,m,-3
10,-63,Active,1,Empty,m,-3
10,-63,Inactive,0,Empty,m,-3
10,-62,Active,2,Empty,m,-3
10,-62,Inactive,1,Empty,m,-3
10,-61,Active,4,Empty,m,-3
10,-61,Inactive,2,Empty,m,-3
10,-60,Active,4,Empty,m,-3
10,-60,Inactive,2,Empty,m,-3
10,-59,Active,0,Empty,m,-3
10,-59,Inactive,0,Empty,m,-3
10,-58,Active,1,Empty,m,-3
10,-58,Inactive,0,Empty,m,-3
10,-57,Active,5,Empty,m,-3
10,-57,Inactive,6,Empty,m,-3
10,-56,Active,10,Empty,m,-3
10,-56,Inactive,3,Empty,m,-3
10,-55,Active,0,Empty,m,-3
10,-55,Inactive,0,Empty,m,-3
10,-54,Active,1,Empty,m,-3
10,-54,Inactive,0,Empty,m,-3
10,-53,Active,1,Empty,m,-3
10,-53,Inactive,0,Empty,m,-3
10,-52,Active,0,Empty,m,-3
10,-52,Inactive,0,Empty,m,-3
10,-51,Active,0,Empty,m,-3
10,-51,Inactive,0,Empty,m,-3
10,-50,Active,1,Empty,m,-3
10,-50,Inactive,1,Empty,m,-3
10,-49,Active,0,Empty,m,-3
10,-49,Inactive,0,Empty,m,-3
10,-48,Active,0,Empty,m,-2
10,-48,Inactive,0,Empty,m,-2
10,-47,Active,1,Empty,m,-2
10,-47,Inactive,0,Empty,m,-2
10,-46,Active,1,Empty,m,-2
10,-46,Inactive,3,Empty,m,-2
10,-45,Active,0,Empty,m,-2
10,-45,Inactive,0,Empty,m,-2
10,-44,Active,1,Empty,m,-2
10,-44,Inactive,0,Empty,m,-2
10,-43,Active,0,Empty,m,-2
10,-43,Inactive,0,Empty,m,-2
10,-42,Active,4,Empty,m,-2
10,-42,Inactive,0,Empty,m,-2
10,-41,Active,4,Empty,m,-2
10,-41,Inactive,2,Empty,m,-2
10,-40,Active,5,Empty,m,-2
10,-40,Inactive,0,Empty,m,-2
10,-39,Active,16,Empty,m,-2
10,-39,Inactive,5,Empty,m,-2
10,-38,Active,7,Empty,m,-2
10,-38,Inactive,2,Empty,m,-2
10,-37,Active,7,Empty,m,-2
10,-37,Inactive,1,Empty,m,-2
10,-36,Active,4,Empty,m,-2
10,-36,Inactive,4,Empty,m,-2
10,-35,Active,6,Empty,m,-2
10,-35,Inactive,0,Empty,m,-2
10,-34,Active,10,Empty,m,-2
10,-34,Inactive,14,Empty,m,-2
10,-33,Active,7,Empty,m,-2
10,-33,Inactive,3,Empty,m,-2
10,-32,Active,1,Empty,m,-2
10,-32,Inactive,0,Empty,m,-2
10,-31,Active,1,Empty,m,-2
10,-31,Inactive,0,Empty,m,-2
10,-30,Active,0,Empty,m,-2
10,-30,Inactive,0,Empty,m,-2
10,-29,Active,1,Empty,m,-2
10,-29,Inactive,1,Empty,m,-2
10,-28,Active,0,Empty,m,-2
10,-28,Inactive,0,Empty,m,-2
10,-27,Active,1,Empty,m,-2
10,-27,Inactive,1,Empty,m,-2
10,-26,Active,0,Empty,m,-2
10,-26,Inactive,0,Empty,m,-2
10,-25,Active,0,Empty,m,-2
10,-25,Inactive,0,Empty,m,-2
10,-24,Active,0,Empty,m,-1
10,-24,Inactive,0,Empty,m,-1
10,-23,Active,4,Empty,m,-1
10,-23,Inactive,0,Empty,m,-1
10,-22,Active,1,Empty,m,-1
10,-22,Inactive,0,Empty,m,-1
10,-21,Active,0,Empty,m,-1
10,-21,Inactive,0,Empty,m,-1
10,-20,Active,1,Empty,m,-1
10,-20,Inactive,0,Empty,m,-1
10,-19,Active,0,Empty,m,-1
10,-19,Inactive,0,Empty,m,-1
10,-18,Active,14,Empty,m,-1
10,-18,Inactive,6,Empty,m,-1
10,-17,Active,4,Empty,m,-1
10,-17,Inactive,6,Empty,m,-1
10,-16,Active,2,Empty,m,-1
10,-16,Inactive,1,Empty,m,-1
10,-15,Active,2,Empty,m,-1
10,-15,Inactive,1,Empty,m,-1
10,-14,Active,13,Empty,m,-1
10,-14,Inactive,5,Empty,m,-1
10,-13,Active,6,Empty,m,-1
10,-13,Inactive,5,Empty,m,-1
10,-12,Active,4,Empty,m,-1
10,-12,Inactive,4,Empty,m,-1
10,-11,Active,2,Empty,m,-1
10,-11,Inactive,1,Empty,m,-1
10,-10,Active,0,Empty,m,-1
10,-10,Inactive,0,Empty,m,-1
10,-9,Active,4,Empty,m,-1
10,-9,Inactive,2,Empty,m,-1
10,-8,Active,3,Empty,m,-1
10,-8,Inactive,2,Empty,m,-1
10,-7,Active,0,Empty,m,-1
10,-7,Inactive,0,Empty,m,-1
10,-6,Active,0,Empty,m,-1
10,-6,Inactive,0,Empty,m,-1
10,-5,Active,0,Empty,m,-1
10,-5,Inactive,0,Empty,m,-1
10,-4,Active,0,Empty,m,-1
10,-4,Inactive,1,Empty,m,-1
10,-3,Active,0,Empty,m,-1
10,-3,Inactive,1,Empty,m,-1
10,-2,Active,0,Empty,m,-1
10,-2,Inactive,0,Empty,m,-1
10,-1,Active,0,Empty,m,-1
10,-1,Inactive,0,Empty,m,-1
10,0,Active,1,Social,m,0
10,0,Inactive,0,Social,m,0
10,1,Active,0,Social,m,0
10,1,Inactive,1,Social,m,0
10,2,Active,4,Social,m,0
10,2,Inactive,4,Social,m,0
10,3,Active,1,Social,m,0
10,3,Inactive,1,Social,m,0
10,4,Active,0,Social,m,0
10,4,Inactive,1,Social,m,0
10,5,Active,0,Social,m,0
10,5,Inactive,0,Social,m,0
10,6,Active,0,Social,m,0
10,6,Inactive,1,Social,m,0
10,7,Active,9,Social,m,0
10,7,Inactive,1,Social,m,0
10,8,Active,8,Social,m,0
10,8,Inactive,2,Social,m,0
10,9,Active,10,Social,m,0
10,9,Inactive,4,Social,m,0
10,10,Active,20,Social,m,0
10,10,Inactive,2,Social,m,0
10,11,Active,51,Social,m,0
10,11,Inactive,10,Social,m,0
10,12,Active,25,Social,m,0
10,12,Inactive,6,Social,m,0
10,13,Active,14,Social,m,0
10,13,Inactive,4,Social,m,0
10,14,Active,0,Social,m,0
10,14,Inactive,0,Social,m,0
10,15,Active,14,Social,m,0
10,15,Inactive,5,Social,m,0
10,16,Active,15,Social,m,0
10,16,Inactive,5,Social,m,0
10,17,Active,0,Social,m,0
10,17,Inactive,0,Social,m,0
10,18,Active,0,Social,m,0
10,18,Inactive,2,Social,m,0
10,19,Active,2,Social,m,0
10,19,Inactive,0,Social,m,0
10,20,Active,1,Social,m,0
10,20,Inactive,0,Social,m,0
10,21,Active,0,Social,m,0
10,21,Inactive,0,Social,m,0
10,22,Active,2,Social,m,0
10,22,Inactive,0,Social,m,0
10,23,Active,3,Social,m,0
10,23,Inactive,1,Social,m,0
10,24,Active,0,Social,m,1
10,24,Inactive,0,Social,m,1
10,25,Active,7,Social,m,1
10,25,Inactive,2,Social,m,1
10,26,Active,1,Social,m,1
10,26,Inactive,0,Social,m,1
10,27,Active,17,Social,m,1
10,27,Inactive,3,Social,m,1
10,28,Active,0,Social,m,1
10,28,Inactive,0,Social,m,1
10,29,Active,5,Social,m,1
10,29,Inactive,1,Social,m,1
10,30,Active,20,Social,m,1
10,30,Inactive,5,Social,m,1
10,31,Active,32,Social,m,1
10,31,Inactive,8,Social,m,1
10,32,Active,16,Social,m,1
10,32,Inactive,8,Social,m,1
10,33,Active,14,Social,m,1
10,33,Inactive,1,Social,m,1
10,34,Active,25,Social,m,1
10,34,Inactive,5,Social,m,1
10,35,Active,19,Social,m,1
10,35,Inactive,2,Social,m,1
10,36,Active,26,Social,m,1
10,36,Inactive,7,Social,m,1
10,37,Active,25,Social,m,1
10,37,Inactive,7,Social,m,1
10,38,Active,12,Social,m,1
10,38,Inactive,5,Social,m,1
10,39,Active,24,Social,m,1
10,39,Inactive,6,Social,m,1
10,40,Active,14,Social,m,1
10,40,Inactive,5,Social,m,1
10,41,Active,5,Social,m,1
10,41,Inactive,0,Social,m,1
10,42,Active,2,Social,m,1
10,42,Inactive,0,Social,m,1
10,43,Active,15,Social,m,1
10,43,Inactive,0,Social,m,1
10,44,Active,0,Social,m,1
10,44,Inactive,0,Social,m,1
10,45,Active,3,Social,m,1
10,45,Inactive,0,Social,m,1
10,46,Active,0,Social,m,1
10,46,Inactive,0,Social,m,1
10,47,Active,2,Social,m,1
10,47,Inactive,0,Social,m,1
10,48,Active,4,Social,m,2
10,48,Inactive,1,Social,m,2
10,49,Active,9,Social,m,2
10,49,Inactive,4,Social,m,2
10,50,Active,17,Social,m,2
10,50,Inactive,4,Social,m,2
10,51,Active,1,Social,m,2
10,51,Inactive,0,Social,m,2
10,52,Active,3,Social,m,2
10,52,Inactive,0,Social,m,2
10,53,Active,7,Social,m,2
10,53,Inactive,2,Social,m,2
10,54,Active,17,Social,m,2
10,54,Inactive,2,Social,m,2
10,55,Active,28,Social,m,2
10,55,Inactive,6,Social,m,2
10,56,Active,8,Social,m,2
10,56,Inactive,2,Social,m,2
10,57,Active,15,Social,m,2
10,57,Inactive,4,Social,m,2
10,58,Active,2,Social,m,2
10,58,Inactive,0,Social,m,2
10,59,Active,10,Social,m,2
10,59,Inactive,2,Social,m,2
10,60,Active,8,Social,m,2
10,60,Inactive,3,Social,m,2
10,61,Active,2,Social,m,2
10,61,Inactive,1,Social,m,2
10,62,Active,1,Social,m,2
10,62,Inactive,0,Social,m,2
10,63,Active,23,Social,m,2
10,63,Inactive,4,Social,m,2
10,64,Active,0,Social,m,2
10,64,Inactive,1,Social,m,2
10,65,Active,6,Social,m,2
10,65,Inactive,3,Social,m,2
10,66,Active,0,Social,m,2
10,66,Inactive,0,Social,m,2
10,67,Active,0,Social,m,2
10,67,Inactive,0,Social,m,2
10,68,Active,0,Social,m,2
10,68,Inactive,0,Social,m,2
10,69,Active,2,Social,m,2
10,69,Inactive,2,Social,m,2
10,70,Active,0,Social,m,2
10,70,Inactive,0,Social,m,2
10,71,Active,0,Social,m,2
10,71,Inactive,0,Social,m,2
11,-72,Active,0,Empty,m,-3
11,-72,Inactive,0,Empty,m,-3
11,-71,Active,0,Empty,m,-3
11,-71,Inactive,0,Empty,m,-3
11,-70,Active,3,Empty,m,-3
11,-70,Inactive,1,Empty,m,-3
11,-69,Active,0,Empty,m,-3
11,-69,Inactive,0,Empty,m,-3
11,-68,Active,2,Empty,m,-3
11,-68,Inactive,0,Empty,m,-3
11,-67,Active,1,Empty,m,-3
11,-67,Inactive,1,Empty,m,-3
11,-66,Active,8,Empty,m,-3
11,-66,Inactive,6,Empty,m,-3
11,-65,Active,31,Empty,m,-3
11,-65,Inactive,11,Empty,m,-3
11,-64,Active,9,Empty,m,-3
11,-64,Inactive,1,Empty,m,-3
11,-63,Active,13,Empty,m,-3
11,-63,Inactive,6,Empty,m,-3
11,-62,Active,5,Empty,m,-3
11,-62,Inactive,1,Empty,m,-3
11,-61,Active,10,Empty,m,-3
11,-61,Inactive,3,Empty,m,-3
11,-60,Active,3,Empty,m,-3
11,-60,Inactive,4,Empty,m,-3
11,-59,Active,4,Empty,m,-3
11,-59,Inactive,1,Empty,m,-3
11,-58,Active,0,Empty,m,-3
11,-58,Inactive,0,Empty,m,-3
11,-57,Active,5,Empty,m,-3
11,-57,Inactive,2,Empty,m,-3
11,-56,Active,7,Empty,m,-3
11,-56,Inactive,2,Empty,m,-3
11,-55,Active,4,Empty,m,-3
11,-55,Inactive,1,Empty,m,-3
11,-54,Active,0,Empty,m,-3
11,-54,Inactive,0,Empty,m,-3
11,-53,Active,0,Empty,m,-3
11,-53,Inactive,0,Empty,m,-3
11,-52,Active,5,Empty,m,-3
11,-52,Inactive,1,Empty,m,-3
11,-51,Active,1,Empty,m,-3
11,-51,Inactive,0,Empty,m,-3
11,-50,Active,0,Empty,m,-3
11,-50,Inactive,0,Empty,m,-3
11,-49,Active,0,Empty,m,-3
11,-49,Inactive,1,Empty,m,-3
11,-48,Active,0,Empty,m,-2
11,-48,Inactive,0,Empty,m,-2
11,-47,Active,0,Empty,m,-2
11,-47,Inactive,0,Empty,m,-2
11,-46,Active,0,Empty,m,-2
11,-46,Inactive,1,Empty,m,-2
11,-45,Active,0,Empty,m,-2
11,-45,Inactive,0,Empty,m,-2
11,-44,Active,0,Empty,m,-2
11,-44,Inactive,0,Empty,m,-2
11,-43,Active,0,Empty,m,-2
11,-43,Inactive,0,Empty,m,-2
11,-42,Active,7,Empty,m,-2
11,-42,Inactive,0,Empty,m,-2
11,-41,Active,9,Empty,m,-2
11,-41,Inactive,5,Empty,m,-2
11,-40,Active,5,Empty,m,-2
11,-40,Inactive,0,Empty,m,-2
11,-39,Active,9,Empty,m,-2
11,-39,Inactive,13,Empty,m,-2
11,-38,Active,11,Empty,m,-2
11,-38,Inactive,2,Empty,m,-2
11,-37,Active,15,Empty,m,-2
11,-37,Inactive,2,Empty,m,-2
11,-36,Active,2,Empty,m,-2
11,-36,Inactive,2,Empty,m,-2
11,-35,Active,10,Empty,m,-2
11,-35,Inactive,4,Empty,m,-2
11,-34,Active,5,Empty,m,-2
11,-34,Inactive,5,Empty,m,-2
11,-33,Active,6,Empty,m,-2
11,-33,Inactive,1,Empty,m,-2
11,-32,Active,1,Empty,m,-2
11,-32,Inactive,0,Empty,m,-2
11,-31,Active,4,Empty,m,-2
11,-31,Inactive,4,Empty,m,-2
11,-30,Active,0,Empty,m,-2
11,-30,Inactive,0,Empty,m,-2
11,-29,Active,0,Empty,m,-2
11,-29,Inactive,0,Empty,m,-2
11,-28,Active,1,Empty,m,-2
11,-28,Inactive,2,Empty,m,-2
11,-27,Active,0,Empty,m,-2
11,-27,Inactive,0,Empty,m,-2
11,-26,Active,0,Empty,m,-2
11,-26,Inactive,0,Empty,m,-2
11,-25,Active,0,Empty,m,-2
11,-25,Inactive,0,Empty,m,-2
11,-24,Active,0,Empty,m,-1
11,-24,Inactive,0,Empty,m,-1
11,-23,Active,4,Empty,m,-1
11,-23,Inactive,1,Empty,m,-1
11,-22,Active,0,Empty,m,-1
11,-22,Inactive,0,Empty,m,-1
11,-21,Active,0,Empty,m,-1
11,-21,Inactive,0,Empty,m,-1
11,-20,Active,1,Empty,m,-1
11,-20,Inactive,1,Empty,m,-1
11,-19,Active,0,Empty,m,-1
11,-19,Inactive,2,Empty,m,-1
11,-18,Active,2,Empty,m,-1
11,-18,Inactive,1,Empty,m,-1
11,-17,Active,5,Empty,m,-1
11,-17,Inactive,2,Empty,m,-1
11,-16,Active,6,Empty,m,-1
11,-16,Inactive,3,Empty,m,-1
11,-15,Active,5,Empty,m,-1
11,-15,Inactive,1,Empty,m,-1
11,-14,Active,8,Empty,m,-1
11,-14,Inactive,4,Empty,m,-1
11,-13,Active,9,Empty,m,-1
11,-13,Inactive,9,Empty,m,-1
11,-12,Active,1,Empty,m,-1
11,-12,Inactive,0,Empty,m,-1
11,-11,Active,12,Empty,m,-1
11,-11,Inactive,6,Empty,m,-1
11,-10,Active,9,Empty,m,-1
11,-10,Inactive,3,Empty,m,-1
11,-9,Active,1,Empty,m,-1
11,-9,Inactive,0,Empty,m,-1
11,-8,Active,4,Empty,m,-1
11,-8,Inactive,3,Empty,m,-1
11,-7,Active,10,Empty,m,-1
11,-7,Inactive,2,Empty,m,-1
11,-6,Active,0,Empty,m,-1
11,-6,Inactive,0,Empty,m,-1
11,-5,Active,3,Empty,m,-1
11,-5,Inactive,1,Empty,m,-1
11,-4,Active,0,Empty,m,-1
11,-4,Inactive,0,Empty,m,-1
11,-3,Active,0,Empty,m,-1
11,-3,Inactive,0,Empty,m,-1
11,-2,Active,0,Empty,m,-1
11,-2,Inactive,0,Empty,m,-1
11,-1,Active,0,Empty,m,-1
11,-1,Inactive,1,Empty,m,-1
11,0,Active,0,Social,m,0
11,0,Inactive,0,Social,m,0
11,1,Active,0,Social,m,0
11,1,Inactive,0,Social,m,0
11,2,Active,1,Social,m,0
11,2,Inactive,0,Social,m,0
11,3,Active,3,Social,m,0
11,3,Inactive,1,Social,m,0
11,4,Active,0,Social,m,0
11,4,Inactive,0,Social,m,0
11,5,Active,2,Social,m,0
11,5,Inactive,0,Social,m,0
11,6,Active,7,Social,m,0
11,6,Inactive,2,Social,m,0
11,7,Active,44,Social,m,0
11,7,Inactive,3,Social,m,0
11,8,Active,21,Social,m,0
11,8,Inactive,4,Social,m,0
11,9,Active,30,Social,m,0
11,9,Inactive,3,Social,m,0
11,10,Active,33,Social,m,0
11,10,Inactive,0,Social,m,0
11,11,Active,31,Social,m,0
11,11,Inactive,3,Social,m,0
11,12,Active,14,Social,m,0
11,12,Inactive,0,Social,m,0
11,13,Active,15,Social,m,0
11,13,Inactive,0,Social,m,0
11,14,Active,26,Social,m,0
11,14,Inactive,2,Social,m,0
11,15,Active,3,Social,m,0
11,15,Inactive,0,Social,m,0
11,16,Active,11,Social,m,0
11,16,Inactive,1,Social,m,0
11,17,Active,4,Social,m,0
11,17,Inactive,0,Social,m,0
11,18,Active,14,Social,m,0
11,18,Inactive,1,Social,m,0
11,19,Active,0,Social,m,0
11,19,Inactive,0,Social,m,0
11,20,Active,4,Social,m,0
11,20,Inactive,1,Social,m,0
11,21,Active,0,Social,m,0
11,21,Inactive,0,Social,m,0
11,22,Active,12,Social,m,0
11,22,Inactive,1,Social,m,0
11,23,Active,0,Social,m,0
11,23,Inactive,0,Social,m,0
11,24,Active,1,Social,m,1
11,24,Inactive,0,Social,m,1
11,25,Active,0,Social,m,1
11,25,Inactive,0,Social,m,1
11,26,Active,2,Social,m,1
11,26,Inactive,0,Social,m,1
11,27,Active,20,Social,m,1
11,27,Inactive,2,Social,m,1
11,28,Active,4,Social,m,1
11,28,Inactive,2,Social,m,1
11,29,Active,17,Social,m,1
11,29,Inactive,2,Social,m,1
11,30,Active,9,Social,m,1
11,30,Inactive,0,Social,m,1
11,31,Active,12,Social,m,1
11,31,Inactive,2,Social,m,1
11,32,Active,9,Social,m,1
11,32,Inactive,0,Social,m,1
11,33,Active,24,Social,m,1
11,33,Inactive,6,Social,m,1
11,34,Active,10,Social,m,1
11,34,Inactive,1,Social,m,1
11,35,Active,4,Social,m,1
11,35,Inactive,0,Social,m,1
11,36,Active,24,Social,m,1
11,36,Inactive,2,Social,m,1
11,37,Active,20,Social,m,1
11,37,Inactive,0,Social,m,1
11,38,Active,27,Social,m,1
11,38,Inactive,2,Social,m,1
11,39,Active,5,Social,m,1
11,39,Inactive,0,Social,m,1
11,40,Active,8,Social,m,1
11,40,Inactive,1,Social,m,1
11,41,Active,35,Social,m,1
11,41,Inactive,8,Social,m,1
11,42,Active,7,Social,m,1
11,42,Inactive,3,Social,m,1
11,43,Active,0,Social,m,1
11,43,Inactive,0,Social,m,1
11,44,Active,9,Social,m,1
11,44,Inactive,2,Social,m,1
11,45,Active,0,Social,m,1
11,45,Inactive,0,Social,m,1
11,46,Active,0,Social,m,1
11,46,Inactive,0,Social,m,1
11,47,Active,4,Social,m,1
11,47,Inactive,1,Social,m,1
11,48,Active,1,Social,m,2
11,48,Inactive,0,Social,m,2
11,49,Active,3,Social,m,2
11,49,Inactive,3,Social,m,2
11,50,Active,10,Social,m,2
11,50,Inactive,1,Social,m,2
11,51,Active,6,Social,m,2
11,51,Inactive,2,Social,m,2
11,52,Active,5,Social,m,2
11,52,Inactive,0,Social,m,2
11,53,Active,2,Social,m,2
11,53,Inactive,1,Social,m,2
11,54,Active,20,Social,m,2
11,54,Inactive,0,Social,m,2
11,55,Active,12,Social,m,2
11,55,Inactive,3,Social,m,2
11,56,Active,22,Social,m,2
11,56,Inactive,4,Social,m,2
11,57,Active,9,Social,m,2
11,57,Inactive,0,Social,m,2
11,58,Active,14,Social,m,2
11,58,Inactive,3,Social,m,2
11,59,Active,0,Social,m,2
11,59,Inactive,0,Social,m,2
11,60,Active,15,Social,m,2
11,60,Inactive,3,Social,m,2
11,61,Active,11,Social,m,2
11,61,Inactive,9,Social,m,2
11,62,Active,0,Social,m,2
11,62,Inactive,0,Social,m,2
11,63,Active,14,Social,m,2
11,63,Inactive,1,Social,m,2
11,64,Active,1,Social,m,2
11,64,Inactive,1,Social,m,2
11,65,Active,18,Social,m,2
11,65,Inactive,9,Social,m,2
11,66,Active,0,Social,m,2
11,66,Inactive,0,Social,m,2
11,67,Active,2,Social,m,2
11,67,Inactive,0,Social,m,2
11,68,Active,0,Social,m,2
11,68,Inactive,0,Social,m,2
11,69,Active,8,Social,m,2
11,69,Inactive,4,Social,m,2
11,70,Active,0,Social,m,2
11,70,Inactive,0,Social,m,2
11,71,Active,0,Social,m,2
11,71,Inactive,0,Social,m,2
12,-72,Active,0,Empty,m,-3
12,-72,Inactive,0,Empty,m,-3
12,-71,Active,7,Empty,m,-3
12,-71,Inactive,5,Empty,m,-3
12,-70,Active,1,Empty,m,-3
12,-70,Inactive,2,Empty,m,-3
12,-69,Active,0,Empty,m,-3
12,-69,Inactive,0,Empty,m,-3
12,-68,Active,3,Empty,m,-3
12,-68,Inactive,4,Empty,m,-3
12,-67,Active,1,Empty,m,-3
12,-67,Inactive,0,Empty,m,-3
12,-66,Active,7,Empty,m,-3
12,-66,Inactive,4,Empty,m,-3
12,-65,Active,13,Empty,m,-3
12,-65,Inactive,12,Empty,m,-3
12,-64,Active,1,Empty,m,-3
12,-64,Inactive,1,Empty,m,-3
12,-63,Active,14,Empty,m,-3
12,-63,Inactive,9,Empty,m,-3
12,-62,Active,7,Empty,m,-3
12,-62,Inactive,6,Empty,m,-3
12,-61,Active,12,Empty,m,-3
12,-61,Inactive,5,Empty,m,-3
12,-60,Active,14,Empty,m,-3
12,-60,Inactive,6,Empty,m,-3
12,-59,Active,0,Empty,m,-3
12,-59,Inactive,1,Empty,m,-3
12,-58,Active,7,Empty,m,-3
12,-58,Inactive,10,Empty,m,-3
12,-57,Active,14,Empty,m,-3
12,-57,Inactive,23,Empty,m,-3
12,-56,Active,3,Empty,m,-3
12,-56,Inactive,2,Empty,m,-3
12,-55,Active,5,Empty,m,-3
12,-55,Inactive,2,Empty,m,-3
12,-54,Active,1,Empty,m,-3
12,-54,Inactive,3,Empty,m,-3
12,-53,Active,0,Empty,m,-3
12,-53,Inactive,0,Empty,m,-3
12,-52,Active,0,Empty,m,-3
12,-52,Inactive,1,Empty,m,-3
12,-51,Active,2,Empty,m,-3
12,-51,Inactive,1,Empty,m,-3
12,-50,Active,2,Empty,m,-3
12,-50,Inactive,0,Empty,m,-3
12,-49,Active,0,Empty,m,-3
12,-49,Inactive,0,Empty,m,-3
12,-48,Active,0,Empty,m,-2
12,-48,Inactive,0,Empty,m,-2
12,-47,Active,1,Empty,m,-2
12,-47,Inactive,3,Empty,m,-2
12,-46,Active,1,Empty,m,-2
12,-46,Inactive,5,Empty,m,-2
12,-45,Active,0,Empty,m,-2
12,-45,Inactive,0,Empty,m,-2
12,-44,Active,1,Empty,m,-2
12,-44,Inactive,1,Empty,m,-2
12,-43,Active,5,Empty,m,-2
12,-43,Inactive,5,Empty,m,-2
12,-42,Active,1,Empty,m,-2
12,-42,Inactive,0,Empty,m,-2
12,-41,Active,6,Empty,m,-2
12,-41,Inactive,7,Empty,m,-2
12,-40,Active,2,Empty,m,-2
12,-40,Inactive,8,Empty,m,-2
12,-39,Active,6,Empty,m,-2
12,-39,Inactive,11,Empty,m,-2
12,-38,Active,0,Empty,m,-2
12,-38,Inactive,1,Empty,m,-2
12,-37,Active,4,Empty,m,-2
12,-37,Inactive,6,Empty,m,-2
12,-36,Active,10,Empty,m,-2
12,-36,Inactive,8,Empty,m,-2
12,-35,Active,3,Empty,m,-2
12,-35,Inactive,0,Empty,m,-2
12,-34,Active,9,Empty,m,-2
12,-34,Inactive,9,Empty,m,-2
12,-33,Active,0,Empty,m,-2
12,-33,Inactive,0,Empty,m,-2
12,-32,Active,6,Empty,m,-2
12,-32,Inactive,30,Empty,m,-2
12,-31,Active,7,Empty,m,-2
12,-31,Inactive,5,Empty,m,-2
12,-30,Active,4,Empty,m,-2
12,-30,Inactive,1,Empty,m,-2
12,-29,Active,0,Empty,m,-2
12,-29,Inactive,0,Empty,m,-2
12,-28,Active,2,Empty,m,-2
12,-28,Inactive,1,Empty,m,-2
12,-27,Active,0,Empty,m,-2
12,-27,Inactive,0,Empty,m,-2
12,-26,Active,0,Empty,m,-2
12,-26,Inactive,0,Empty,m,-2
12,-25,Active,0,Empty,m,-2
12,-25,Inactive,0,Empty,m,-2
12,-24,Active,0,Empty,m,-1
12,-24,Inactive,1,Empty,m,-1
12,-23,Active,4,Empty,m,-1
12,-23,Inactive,3,Empty,m,-1
12,-22,Active,0,Empty,m,-1
12,-22,Inactive,0,Empty,m,-1
12,-21,Active,6,Empty,m,-1
12,-21,Inactive,3,Empty,m,-1
12,-20,Active,0,Empty,m,-1
12,-20,Inactive,0,Empty,m,-1
12,-19,Active,0,Empty,m,-1
12,-19,Inactive,0,Empty,m,-1
12,-18,Active,1,Empty,m,-1
12,-18,Inactive,2,Empty,m,-1
12,-17,Active,7,Empty,m,-1
12,-17,Inactive,5,Empty,m,-1
12,-16,Active,11,Empty,m,-1
12,-16,Inactive,4,Empty,m,-1
12,-15,Active,2,Empty,m,-1
12,-15,Inactive,0,Empty,m,-1
12,-14,Active,11,Empty,m,-1
12,-14,Inactive,16,Empty,m,-1
12,-13,Active,1,Empty,m,-1
12,-13,Inactive,1,Empty,m,-1
12,-12,Active,13,Empty,m,-1
12,-12,Inactive,16,Empty,m,-1
12,-11,Active,9,Empty,m,-1
12,-11,Inactive,5,Empty,m,-1
12,-10,Active,0,Empty,m,-1
12,-10,Inactive,4,Empty,m,-1
12,-9,Active,3,Empty,m,-1
12,-9,Inactive,2,Empty,m,-1
12,-8,Active,11,Empty,m,-1
12,-8,Inactive,16,Empty,m,-1
12,-7,Active,0,Empty,m,-1
12,-7,Inactive,0,Empty,m,-1
12,-6,Active,0,Empty,m,-1
12,-6,Inactive,0,Empty,m,-1
12,-5,Active,2,Empty,m,-1
12,-5,Inactive,2,Empty,m,-1
12,-4,Active,0,Empty,m,-1
12,-4,Inactive,0,Empty,m,-1
12,-3,Active,0,Empty,m,-1
12,-3,Inactive,0,Empty,m,-1
12,-2,Active,0,Empty,m,-1
12,-2,Inactive,0,Empty,m,-1
12,-1,Active,0,Empty,m,-1
12,-1,Inactive,0,Empty,m,-1
12,0,Active,0,Social,m,0
12,0,Inactive,1,Social,m,0
12,1,Active,4,Social,m,0
12,1,Inactive,0,Social,m,0
12,2,Active,1,Social,m,0
12,2,Inactive,2,Social,m,0
12,3,Active,7,Social,m,0
12,3,Inactive,1,Social,m,0
12,4,Active,6,Social,m,0
12,4,Inactive,0,Social,m,0
12,5,Active,6,Social,m,0
12,5,Inactive,0,Social,m,0
12,6,Active,5,Social,m,0
12,6,Inactive,1,Social,m,0
12,7,Active,9,Social,m,0
12,7,Inactive,0,Social,m,0
12,8,Active,24,Social,m,0
12,8,Inactive,4,Social,m,0
12,9,Active,11,Social,m,0
12,9,Inactive,2,Social,m,0
12,10,Active,20,Social,m,0
12,10,Inactive,1,Social,m,0
12,11,Active,22,Social,m,0
12,11,Inactive,2,Social,m,0
12,12,Active,5,Social,m,0
12,12,Inactive,0,Social,m,0
12,13,Active,2,Social,m,0
12,13,Inactive,0,Social,m,0
12,14,Active,30,Social,m,0
12,14,Inactive,5,Social,m,0
12,15,Active,12,Social,m,0
12,15,Inactive,0,Social,m,0
12,16,Active,31,Social,m,0
12,16,Inactive,4,Social,m,0
12,17,Active,0,Social,m,0
12,17,Inactive,0,Social,m,0
12,18,Active,25,Social,m,0
12,18,Inactive,3,Social,m,0
12,19,Active,0,Social,m,0
12,19,Inactive,0,Social,m,0
12,20,Active,0,Social,m,0
12,20,Inactive,0,Social,m,0
12,21,Active,16,Social,m,0
12,21,Inactive,2,Social,m,0
12,22,Active,0,Social,m,0
12,22,Inactive,0,Social,m,0
12,23,Active,10,Social,m,0
12,23,Inactive,0,Social,m,0
12,24,Active,0,Social,m,1
12,24,Inactive,0,Social,m,1
12,25,Active,6,Social,m,1
12,25,Inactive,1,Social,m,1
12,26,Active,1,Social,m,1
12,26,Inactive,1,Social,m,1
12,27,Active,10,Social,m,1
12,27,Inactive,0,Social,m,1
12,28,Active,5,Social,m,1
12,28,Inactive,0,Social,m,1
12,29,Active,8,Social,m,1
12,29,Inactive,2,Social,m,1
12,30,Active,7,Social,m,1
12,30,Inactive,1,Social,m,1
12,31,Active,18,Social,m,1
12,31,Inactive,0,Social,m,1
12,32,Active,7,Social,m,1
12,32,Inactive,0,Social,m,1
12,33,Active,16,Social,m,1
12,33,Inactive,7,Social,m,1
12,34,Active,11,Social,m,1
12,34,Inactive,11,Social,m,1
12,35,Active,14,Social,m,1
12,35,Inactive,0,Social,m,1
12,36,Active,17,Social,m,1
12,36,Inactive,5,Social,m,1
12,37,Active,0,Social,m,1
12,37,Inactive,0,Social,m,1
12,38,Active,20,Social,m,1
12,38,Inactive,5,Social,m,1
12,39,Active,3,Social,m,1
12,39,Inactive,0,Social,m,1
12,40,Active,22,Social,m,1
12,40,Inactive,6,Social,m,1
12,41,Active,3,Social,m,1
12,41,Inactive,3,Social,m,1
12,42,Active,17,Social,m,1
12,42,Inactive,2,Social,m,1
12,43,Active,0,Social,m,1
12,43,Inactive,0,Social,m,1
12,44,Active,5,Social,m,1
12,44,Inactive,0,Social,m,1
12,45,Active,1,Social,m,1
12,45,Inactive,0,Social,m,1
12,46,Active,0,Social,m,1
12,46,Inactive,0,Social,m,1
12,47,Active,1,Social,m,1
12,47,Inactive,1,Social,m,1
12,48,Active,1,Social,m,2
12,48,Inactive,0,Social,m,2
12,49,Active,11,Social,m,2
12,49,Inactive,4,Social,m,2
12,50,Active,3,Social,m,2
12,50,Inactive,1,Social,m,2
12,51,Active,3,Social,m,2
12,51,Inactive,2,Social,m,2
12,52,Active,13,Social,m,2
12,52,Inactive,4,Social,m,2
12,53,Active,0,Social,m,2
12,53,Inactive,0,Social,m,2
12,54,Active,14,Social,m,2
12,54,Inactive,7,Social,m,2
12,55,Active,19,Social,m,2
12,55,Inactive,8,Social,m,2
12,56,Active,7,Social,m,2
12,56,Inactive,5,Social,m,2
12,57,Active,10,Social,m,2
12,57,Inactive,1,Social,m,2
12,58,Active,6,Social,m,2
12,58,Inactive,3,Social,m,2
12,59,Active,30,Social,m,2
12,59,Inactive,9,Social,m,2
12,60,Active,13,Social,m,2
12,60,Inactive,10,Social,m,2
12,61,Active,4,Social,m,2
12,61,Inactive,0,Social,m,2
12,62,Active,0,Social,m,2
12,62,Inactive,0,Social,m,2
12,63,Active,21,Social,m,2
12,63,Inactive,5,Social,m,2
12,64,Active,1,Social,m,2
12,64,Inactive,1,Social,m,2
12,65,Active,0,Social,m,2
12,65,Inactive,0,Social,m,2
12,66,Active,0,Social,m,2
12,66,Inactive,0,Social,m,2
12,67,Active,0,Social,m,2
12,67,Inactive,0,Social,m,2
12,68,Active,0,Social,m,2
12,68,Inactive,0,Social,m,2
12,69,Active,0,Social,m,2
12,69,Inactive,0,Social,m,2
12,70,Active,0,Social,m,2
12,70,Inactive,0,Social,m,2
12,71,Active,0,Social,m,2
12,71,Inactive,0,Social,m,2
14,-72,Active,0,Empty,f,-3
14,-72,Inactive,0,Empty,f,-3
14,-71,Active,0,Empty,f,-3
14,-71,Inactive,0,Empty,f,-3
14,-70,Active,2,Empty,f,-3
14,-70,Inactive,4,Empty,f,-3
14,-69,Active,0,Empty,f,-3
14,-69,Inactive,2,Empty,f,-3
14,-68,Active,0,Empty,f,-3
14,-68,Inactive,0,Empty,f,-3
14,-67,Active,4,Empty,f,-3
14,-67,Inactive,2,Empty,f,-3
14,-66,Active,0,Empty,f,-3
14,-66,Inactive,0,Empty,f,-3
14,-65,Active,3,Empty,f,-3
14,-65,Inactive,3,Empty,f,-3
14,-64,Active,3,Empty,f,-3
14,-64,Inactive,2,Empty,f,-3
14,-63,Active,2,Empty,f,-3
14,-63,Inactive,3,Empty,f,-3
14,-62,Active,7,Empty,f,-3
14,-62,Inactive,3,Empty,f,-3
14,-61,Active,6,Empty,f,-3
14,-61,Inactive,3,Empty,f,-3
14,-60,Active,2,Empty,f,-3
14,-60,Inactive,0,Empty,f,-3
14,-59,Active,1,Empty,f,-3
14,-59,Inactive,1,Empty,f,-3
14,-58,Active,0,Empty,f,-3
14,-58,Inactive,0,Empty,f,-3
14,-57,Active,11,Empty,f,-3
14,-57,Inactive,5,Empty,f,-3
14,-56,Active,8,Empty,f,-3
14,-56,Inactive,5,Empty,f,-3
14,-55,Active,0,Empty,f,-3
14,-55,Inactive,0,Empty,f,-3
14,-54,Active,4,Empty,f,-3
14,-54,Inactive,6,Empty,f,-3
14,-53,Active,0,Empty,f,-3
14,-53,Inactive,0,Empty,f,-3
14,-52,Active,4,Empty,f,-3
14,-52,Inactive,4,Empty,f,-3
14,-51,Active,1,Empty,f,-3
14,-51,Inactive,0,Empty,f,-3
14,-50,Active,0,Empty,f,-3
14,-50,Inactive,0,Empty,f,-3
14,-49,Active,2,Empty,f,-3
14,-49,Inactive,0,Empty,f,-3
14,-48,Active,1,Empty,f,-2
14,-48,Inactive,2,Empty,f,-2
14,-47,Active,7,Empty,f,-2
14,-47,Inactive,29,Empty,f,-2
14,-46,Active,1,Empty,f,-2
14,-46,Inactive,3,Empty,f,-2
14,-45,Active,0,Empty,f,-2
14,-45,Inactive,0,Empty,f,-2
14,-44,Active,0,Empty,f,-2
14,-44,Inactive,0,Empty,f,-2
14,-43,Active,0,Empty,f,-2
14,-43,Inactive,2,Empty,f,-2
14,-42,Active,1,Empty,f,-2
14,-42,Inactive,4,Empty,f,-2
14,-41,Active,4,Empty,f,-2
14,-41,Inactive,2,Empty,f,-2
14,-40,Active,3,Empty,f,-2
14,-40,Inactive,3,Empty,f,-2
14,-39,Active,5,Empty,f,-2
14,-39,Inactive,3,Empty,f,-2
14,-38,Active,15,Empty,f,-2
14,-38,Inactive,10,Empty,f,-2
14,-37,Active,1,Empty,f,-2
14,-37,Inactive,4,Empty,f,-2
14,-36,Active,2,Empty,f,-2
14,-36,Inactive,2,Empty,f,-2
14,-35,Active,0,Empty,f,-2
14,-35,Inactive,0,Empty,f,-2
14,-34,Active,6,Empty,f,-2
14,-34,Inactive,2,Empty,f,-2
14,-33,Active,0,Empty,f,-2
14,-33,Inactive,0,Empty,f,-2
14,-32,Active,2,Empty,f,-2
14,-32,Inactive,1,Empty,f,-2
14,-31,Active,0,Empty,f,-2
14,-31,Inactive,0,Empty,f,-2
14,-30,Active,4,Empty,f,-2
14,-30,Inactive,2,Empty,f,-2
14,-29,Active,0,Empty,f,-2
14,-29,Inactive,0,Empty,f,-2
14,-28,Active,1,Empty,f,-2
14,-28,Inactive,1,Empty,f,-2
14,-27,Active,3,Empty,f,-2
14,-27,Inactive,3,Empty,f,-2
14,-26,Active,0,Empty,f,-2
14,-26,Inactive,2,Empty,f,-2
14,-25,Active,0,Empty,f,-2
14,-25,Inactive,0,Empty,f,-2
14,-24,Active,0,Empty,f,-1
14,-24,Inactive,1,Empty,f,-1
14,-23,Active,1,Empty,f,-1
14,-23,Inactive,48,Empty,f,-1
14,-22,Active,0,Empty,f,-1
14,-22,Inactive,0,Empty,f,-1
14,-21,Active,0,Empty,f,-1
14,-21,Inactive,0,Empty,f,-1
14,-20,Active,3,Empty,f,-1
14,-20,Inactive,0,Empty,f,-1
14,-19,Active,1,Empty,f,-1
14,-19,Inactive,3,Empty,f,-1
14,-18,Active,0,Empty,f,-1
14,-18,Inactive,0,Empty,f,-1
14,-17,Active,4,Empty,f,-1
14,-17,Inactive,3,Empty,f,-1
14,-16,Active,3,Empty,f,-1
14,-16,Inactive,8,Empty,f,-1
14,-15,Active,4,Empty,f,-1
14,-15,Inactive,1,Empty,f,-1
14,-14,Active,14,Empty,f,-1
14,-14,Inactive,10,Empty,f,-1
14,-13,Active,12,Empty,f,-1
14,-13,Inactive,7,Empty,f,-1
14,-12,Active,0,Empty,f,-1
14,-12,Inactive,0,Empty,f,-1
14,-11,Active,10,Empty,f,-1
14,-11,Inactive,6,Empty,f,-1
14,-10,Active,1,Empty,f,-1
14,-10,Inactive,7,Empty,f,-1
14,-9,Active,2,Empty,f,-1
14,-9,Inactive,3,Empty,f,-1
14,-8,Active,1,Empty,f,-1
14,-8,Inactive,1,Empty,f,-1
14,-7,Active,0,Empty,f,-1
14,-7,Inactive,0,Empty,f,-1
14,-6,Active,5,Empty,f,-1
14,-6,Inactive,2,Empty,f,-1
14,-5,Active,0,Empty,f,-1
14,-5,Inactive,0,Empty,f,-1
14,-4,Active,0,Empty,f,-1
14,-4,Inactive,0,Empty,f,-1
14,-3,Active,1,Empty,f,-1
14,-3,Inactive,0,Empty,f,-1
14,-2,Active,0,Empty,f,-1
14,-2,Inactive,0,Empty,f,-1
14,-1,Active,0,Empty,f,-1
14,-1,Inactive,2,Empty,f,-1
14,0,Active,4,Social,f,0
14,0,Inactive,5,Social,f,0
14,1,Active,13,Social,f,0
14,1,Inactive,1,Social,f,0
14,2,Active,1,Social,f,0
14,2,Inactive,0,Social,f,0
14,3,Active,0,Social,f,0
14,3,Inactive,0,Social,f,0
14,4,Active,1,Social,f,0
14,4,Inactive,0,Social,f,0
14,5,Active,0,Social,f,0
14,5,Inactive,0,Social,f,0
14,6,Active,0,Social,f,0
14,6,Inactive,0,Social,f,0
14,7,Active,7,Social,f,0
14,7,Inactive,2,Social,f,0
14,8,Active,10,Social,f,0
14,8,Inactive,3,Social,f,0
14,9,Active,31,Social,f,0
14,9,Inactive,4,Social,f,0
14,10,Active,20,Social,f,0
14,10,Inactive,3,Social,f,0
14,11,Active,6,Social,f,0
14,11,Inactive,0,Social,f,0
14,12,Active,38,Social,f,0
14,12,Inactive,3,Social,f,0
14,13,Active,5,Social,f,0
14,13,Inactive,2,Social,f,0
14,14,Active,1,Social,f,0
14,14,Inactive,0,Social,f,0
14,15,Active,6,Social,f,0
14,15,Inactive,3,Social,f,0
14,16,Active,13,Social,f,0
14,16,Inactive,5,Social,f,0
14,17,Active,2,Social,f,0
14,17,Inactive,0,Social,f,0
14,18,Active,1,Social,f,0
14,18,Inactive,1,Social,f,0
14,19,Active,0,Social,f,0
14,19,Inactive,0,Social,f,0
14,20,Active,5,Social,f,0
14,20,Inactive,2,Social,f,0
14,21,Active,1,Social,f,0
14,21,Inactive,1,Social,f,0
14,22,Active,1,Social,f,0
14,22,Inactive,0,Social,f,0
14,23,Active,15,Social,f,0
14,23,Inactive,2,Social,f,0
14,24,Active,5,Social,f,1
14,24,Inactive,4,Social,f,1
14,25,Active,0,Social,f,1
14,25,Inactive,0,Social,f,1
14,26,Active,0,Social,f,1
14,26,Inactive,1,Social,f,1
14,27,Active,0,Social,f,1
14,27,Inactive,0,Social,f,1
14,28,Active,0,Social,f,1
14,28,Inactive,0,Social,f,1
14,29,Active,0,Social,f,1
14,29,Inactive,0,Social,f,1
14,30,Active,12,Social,f,1
14,30,Inactive,0,Social,f,1
14,31,Active,15,Social,f,1
14,31,Inactive,3,Social,f,1
14,32,Active,20,Social,f,1
14,32,Inactive,2,Social,f,1
14,33,Active,14,Social,f,1
14,33,Inactive,3,Social,f,1
14,34,Active,33,Social,f,1
14,34,Inactive,11,Social,f,1
14,35,Active,40,Social,f,1
14,35,Inactive,5,Social,f,1
14,36,Active,6,Social,f,1
14,36,Inactive,2,Social,f,1
14,37,Active,0,Social,f,1
14,37,Inactive,0,Social,f,1
14,38,Active,33,Social,f,1
14,38,Inactive,1,Social,f,1
14,39,Active,0,Social,f,1
14,39,Inactive,0,Social,f,1
14,40,Active,12,Social,f,1
14,40,Inactive,0,Social,f,1
14,41,Active,4,Social,f,1
14,41,Inactive,0,Social,f,1
14,42,Active,14,Social,f,1
14,42,Inactive,4,Social,f,1
14,43,Active,0,Social,f,1
14,43,Inactive,0,Social,f,1
14,44,Active,4,Social,f,1
14,44,Inactive,0,Social,f,1
14,45,Active,0,Social,f,1
14,45,Inactive,0,Social,f,1
14,46,Active,5,Social,f,1
14,46,Inactive,2,Social,f,1
14,47,Active,0,Social,f,1
14,47,Inactive,0,Social,f,1
14,48,Active,1,Social,f,2
14,48,Inactive,1,Social,f,2
14,49,Active,3,Social,f,2
14,49,Inactive,1,Social,f,2
14,50,Active,8,Social,f,2
14,50,Inactive,1,Social,f,2
14,51,Active,3,Social,f,2
14,51,Inactive,0,Social,f,2
14,52,Active,0,Social,f,2
14,52,Inactive,0,Social,f,2
14,53,Active,0,Social,f,2
14,53,Inactive,0,Social,f,2
14,54,Active,12,Social,f,2
14,54,Inactive,1,Social,f,2
14,55,Active,20,Social,f,2
14,55,Inactive,3,Social,f,2
14,56,Active,30,Social,f,2
14,56,Inactive,4,Social,f,2
14,57,Active,18,Social,f,2
14,57,Inactive,4,Social,f,2
14,58,Active,1,Social,f,2
14,58,Inactive,1,Social,f,2
14,59,Active,15,Social,f,2
14,59,Inactive,1,Social,f,2
14,60,Active,22,Social,f,2
14,60,Inactive,16,Social,f,2
14,61,Active,2,Social,f,2
14,61,Inactive,0,Social,f,2
14,62,Active,2,Social,f,2
14,62,Inactive,0,Social,f,2
14,63,Active,23,Social,f,2
14,63,Inactive,2,Social,f,2
14,64,Active,5,Social,f,2
14,64,Inactive,2,Social,f,2
14,65,Active,0,Social,f,2
14,65,Inactive,0,Social,f,2
14,66,Active,7,Social,f,2
14,66,Inactive,1,Social,f,2
14,67,Active,1,Social,f,2
14,67,Inactive,0,Social,f,2
14,68,Active,0,Social,f,2
14,68,Inactive,0,Social,f,2
14,69,Active,0,Social,f,2
14,69,Inactive,0,Social,f,2
14,70,Active,1,Social,f,2
14,70,Inactive,0,Social,f,2
14,71,Active,1,Social,f,2
14,71,Inactive,0,Social,f,2
15,-72,Active,0,Empty,f,-3
15,-72,Inactive,0,Empty,f,-3
15,-71,Active,0,Empty,f,-3
15,-71,Inactive,0,Empty,f,-3
15,-70,Active,1,Empty,f,-3
15,-70,Inactive,1,Empty,f,-3
15,-69,Active,0,Empty,f,-3
15,-69,Inactive,0,Empty,f,-3
15,-68,Active,0,Empty,f,-3
15,-68,Inactive,0,Empty,f,-3
15,-67,Active,8,Empty,f,-3
15,-67,Inactive,2,Empty,f,-3
15,-66,Active,0,Empty,f,-3
15,-66,Inactive,0,Empty,f,-3
15,-65,Active,5,Empty,f,-3
15,-65,Inactive,5,Empty,f,-3
15,-64,Active,10,Empty,f,-3
15,-64,Inactive,15,Empty,f,-3
15,-63,Active,10,Empty,f,-3
15,-63,Inactive,11,Empty,f,-3
15,-62,Active,3,Empty,f,-3
15,-62,Inactive,8,Empty,f,-3
15,-61,Active,9,Empty,f,-3
15,-61,Inactive,17,Empty,f,-3
15,-60,Active,13,Empty,f,-3
15,-60,Inactive,48,Empty,f,-3
15,-59,Active,5,Empty,f,-3
15,-59,Inactive,14,Empty,f,-3
15,-58,Active,0,Empty,f,-3
15,-58,Inactive,0,Empty,f,-3
15,-57,Active,6,Empty,f,-3
15,-57,Inactive,7,Empty,f,-3
15,-56,Active,4,Empty,f,-3
15,-56,Inactive,12,Empty,f,-3
15,-55,Active,1,Empty,f,-3
15,-55,Inactive,0,Empty,f,-3
15,-54,Active,14,Empty,f,-3
15,-54,Inactive,8,Empty,f,-3
15,-53,Active,0,Empty,f,-3
15,-53,Inactive,0,Empty,f,-3
15,-52,Active,2,Empty,f,-3
15,-52,Inactive,2,Empty,f,-3
15,-51,Active,2,Empty,f,-3
15,-51,Inactive,5,Empty,f,-3
15,-50,Active,3,Empty,f,-3
15,-50,Inactive,1,Empty,f,-3
15,-49,Active,0,Empty,f,-3
15,-49,Inactive,0,Empty,f,-3
15,-48,Active,9,Empty,f,-2
15,-48,Inactive,7,Empty,f,-2
15,-47,Active,0,Empty,f,-2
15,-47,Inactive,0,Empty,f,-2
15,-46,Active,3,Empty,f,-2
15,-46,Inactive,1,Empty,f,-2
15,-45,Active,0,Empty,f,-2
15,-45,Inactive,3,Empty,f,-2
15,-44,Active,0,Empty,f,-2
15,-44,Inactive,1,Empty,f,-2
15,-43,Active,0,Empty,f,-2
15,-43,Inactive,0,Empty,f,-2
15,-42,Active,8,Empty,f,-2
15,-42,Inactive,4,Empty,f,-2
15,-41,Active,4,Empty,f,-2
15,-41,Inactive,0,Empty,f,-2
15,-40,Active,1,Empty,f,-2
15,-40,Inactive,1,Empty,f,-2
15,-39,Active,22,Empty,f,-2
15,-39,Inactive,11,Empty,f,-2
15,-38,Active,8,Empty,f,-2
15,-38,Inactive,12,Empty,f,-2
15,-37,Active,11,Empty,f,-2
15,-37,Inactive,3,Empty,f,-2
15,-36,Active,17,Empty,f,-2
15,-36,Inactive,9,Empty,f,-2
15,-35,Active,16,Empty,f,-2
15,-35,Inactive,8,Empty,f,-2
15,-34,Active,0,Empty,f,-2
15,-34,Inactive,0,Empty,f,-2
15,-33,Active,20,Empty,f,-2
15,-33,Inactive,12,Empty,f,-2
15,-32,Active,0,Empty,f,-2
15,-32,Inactive,1,Empty,f,-2
15,-31,Active,5,Empty,f,-2
15,-31,Inactive,1,Empty,f,-2
15,-30,Active,4,Empty,f,-2
15,-30,Inactive,1,Empty,f,-2
15,-29,Active,0,Empty,f,-2
15,-29,Inactive,1,Empty,f,-2
15,-28,Active,7,Empty,f,-2
15,-28,Inactive,1,Empty,f,-2
15,-27,Active,0,Empty,f,-2
15,-27,Inactive,0,Empty,f,-2
15,-26,Active,0,Empty,f,-2
15,-26,Inactive,1,Empty,f,-2
15,-25,Active,7,Empty,f,-2
15,-25,Inactive,8,Empty,f,-2
15,-24,Active,0,Empty,f,-1
15,-24,Inactive,0,Empty,f,-1
15,-23,Active,0,Empty,f,-1
15,-23,Inactive,2,Empty,f,-1
15,-22,Active,1,Empty,f,-1
15,-22,Inactive,0,Empty,f,-1
15,-21,Active,0,Empty,f,-1
15,-21,Inactive,0,Empty,f,-1
15,-20,Active,0,Empty,f,-1
15,-20,Inactive,0,Empty,f,-1
15,-19,Active,0,Empty,f,-1
15,-19,Inactive,0,Empty,f,-1
15,-18,Active,4,Empty,f,-1
15,-18,Inactive,1,Empty,f,-1
15,-17,Active,3,Empty,f,-1
15,-17,Inactive,0,Empty,f,-1
15,-16,Active,3,Empty,f,-1
15,-16,Inactive,0,Empty,f,-1
15,-15,Active,8,Empty,f,-1
15,-15,Inactive,2,Empty,f,-1
15,-14,Active,11,Empty,f,-1
15,-14,Inactive,2,Empty,f,-1
15,-13,Active,8,Empty,f,-1
15,-13,Inactive,5,Empty,f,-1
15,-12,Active,16,Empty,f,-1
15,-12,Inactive,9,Empty,f,-1
15,-11,Active,10,Empty,f,-1
15,-11,Inactive,2,Empty,f,-1
15,-10,Active,1,Empty,f,-1
15,-10,Inactive,6,Empty,f,-1
15,-9,Active,7,Empty,f,-1
15,-9,Inactive,0,Empty,f,-1
15,-8,Active,6,Empty,f,-1
15,-8,Inactive,10,Empty,f,-1
15,-7,Active,0,Empty,f,-1
15,-7,Inactive,0,Empty,f,-1
15,-6,Active,2,Empty,f,-1
15,-6,Inactive,1,Empty,f,-1
15,-5,Active,6,Empty,f,-1
15,-5,Inactive,2,Empty,f,-1
15,-4,Active,0,Empty,f,-1
15,-4,Inactive,0,Empty,f,-1
15,-3,Active,1,Empty,f,-1
15,-3,Inactive,1,Empty,f,-1
15,-2,Active,1,Empty,f,-1
15,-2,Inactive,0,Empty,f,-1
15,-1,Active,6,Empty,f,-1
15,-1,Inactive,2,Empty,f,-1
15,0,Active,0,Social,f,0
15,0,Inactive,0,Social,f,0
15,1,Active,3,Social,f,0
15,1,Inactive,1,Social,f,0
15,2,Active,0,Social,f,0
15,2,Inactive,1,Social,f,0
15,3,Active,0,Social,f,0
15,3,Inactive,0,Social,f,0
15,4,Active,0,Social,f,0
15,4,Inactive,0,Social,f,0
15,5,Active,1,Social,f,0
15,5,Inactive,0,Social,f,0
15,6,Active,0,Social,f,0
15,6,Inactive,0,Social,f,0
15,7,Active,0,Social,f,0
15,7,Inactive,2,Social,f,0
15,8,Active,3,Social,f,0
15,8,Inactive,1,Social,f,0
15,9,Active,7,Social,f,0
15,9,Inactive,1,Social,f,0
15,10,Active,8,Social,f,0
15,10,Inactive,3,Social,f,0
15,11,Active,10,Social,f,0
15,11,Inactive,1,Social,f,0
15,12,Active,55,Social,f,0
15,12,Inactive,8,Social,f,0
15,13,Active,57,Social,f,0
15,13,Inactive,4,Social,f,0
15,14,Active,36,Social,f,0
15,14,Inactive,6,Social,f,0
15,15,Active,29,Social,f,0
15,15,Inactive,2,Social,f,0
15,16,Active,25,Social,f,0
15,16,Inactive,2,Social,f,0
15,17,Active,29,Social,f,0
15,17,Inactive,3,Social,f,0
15,18,Active,14,Social,f,0
15,18,Inactive,0,Social,f,0
15,19,Active,5,Social,f,0
15,19,Inactive,2,Social,f,0
15,20,Active,11,Social,f,0
15,20,Inactive,2,Social,f,0
15,21,Active,0,Social,f,0
15,21,Inactive,0,Social,f,0
15,22,Active,0,Social,f,0
15,22,Inactive,0,Social,f,0
15,23,Active,3,Social,f,0
15,23,Inactive,3,Social,f,0
15,24,Active,0,Social,f,1
15,24,Inactive,0,Social,f,1
15,25,Active,2,Social,f,1
15,25,Inactive,2,Social,f,1
15,26,Active,2,Social,f,1
15,26,Inactive,0,Social,f,1
15,27,Active,9,Social,f,1
15,27,Inactive,1,Social,f,1
15,28,Active,3,Social,f,1
15,28,Inactive,0,Social,f,1
15,29,Active,4,Social,f,1
15,29,Inactive,0,Social,f,1
15,30,Active,21,Social,f,1
15,30,Inactive,7,Social,f,1
15,31,Active,25,Social,f,1
15,31,Inactive,5,Social,f,1
15,32,Active,18,Social,f,1
15,32,Inactive,3,Social,f,1
15,33,Active,37,Social,f,1
15,33,Inactive,5,Social,f,1
15,34,Active,13,Social,f,1
15,34,Inactive,1,Social,f,1
15,35,Active,17,Social,f,1
15,35,Inactive,0,Social,f,1
15,36,Active,51,Social,f,1
15,36,Inactive,9,Social,f,1
15,37,Active,35,Social,f,1
15,37,Inactive,18,Social,f,1
15,38,Active,25,Social,f,1
15,38,Inactive,7,Social,f,1
15,39,Active,4,Social,f,1
15,39,Inactive,3,Social,f,1
15,40,Active,12,Social,f,1
15,40,Inactive,0,Social,f,1
15,41,Active,4,Social,f,1
15,41,Inactive,0,Social,f,1
15,42,Active,26,Social,f,1
15,42,Inactive,7,Social,f,1
15,43,Active,10,Social,f,1
15,43,Inactive,4,Social,f,1
15,44,Active,0,Social,f,1
15,44,Inactive,0,Social,f,1
15,45,Active,11,Social,f,1
15,45,Inactive,1,Social,f,1
15,46,Active,0,Social,f,1
15,46,Inactive,0,Social,f,1
15,47,Active,1,Social,f,1
15,47,Inactive,0,Social,f,1
15,48,Active,0,Social,f,2
15,48,Inactive,0,Social,f,2
15,49,Active,7,Social,f,2
15,49,Inactive,2,Social,f,2
15,50,Active,9,Social,f,2
15,50,Inactive,6,Social,f,2
15,51,Active,3,Social,f,2
15,51,Inactive,0,Social,f,2
15,52,Active,2,Social,f,2
15,52,Inactive,0,Social,f,2
15,53,Active,2,Social,f,2
15,53,Inactive,0,Social,f,2
15,54,Active,8,Social,f,2
15,54,Inactive,3,Social,f,2
15,55,Active,18,Social,f,2
15,55,Inactive,0,Social,f,2
15,56,Active,15,Social,f,2
15,56,Inactive,6,Social,f,2
15,57,Active,25,Social,f,2
15,57,Inactive,8,Social,f,2
15,58,Active,9,Social,f,2
15,58,Inactive,6,Social,f,2
15,59,Active,0,Social,f,2
15,59,Inactive,0,Social,f,2
15,60,Active,20,Social,f,2
15,60,Inactive,7,Social,f,2
15,61,Active,16,Social,f,2
15,61,Inactive,4,Social,f,2
15,62,Active,10,Social,f,2
15,62,Inactive,5,Social,f,2
15,63,Active,0,Social,f,2
15,63,Inactive,1,Social,f,2
15,64,Active,7,Social,f,2
15,64,Inactive,2,Social,f,2
15,65,Active,14,Social,f,2
15,65,Inactive,0,Social,f,2
15,66,Active,0,Social,f,2
15,66,Inactive,0,Social,f,2
15,67,Active,4,Social,f,2
15,67,Inactive,1,Social,f,2
15,68,Active,1,Social,f,2
15,68,Inactive,0,Social,f,2
15,69,Active,0,Social,f,2
15,69,Inactive,0,Social,f,2
15,70,Active,2,Social,f,2
15,70,Inactive,0,Social,f,2
15,71,Active,0,Social,f,2
15,71,Inactive,0,Social,f,2
16,-72,Active,0,Empty,f,-3
16,-72,Inactive,0,Empty,f,-3
16,-71,Active,0,Empty,f,-3
16,-71,Inactive,0,Empty,f,-3
16,-70,Active,72,Empty,f,-3
16,-70,Inactive,17,Empty,f,-3
16,-69,Active,0,Empty,f,-3
16,-69,Inactive,0,Empty,f,-3
16,-68,Active,3,Empty,f,-3
16,-68,Inactive,1,Empty,f,-3
16,-67,Active,0,Empty,f,-3
16,-67,Inactive,0,Empty,f,-3
16,-66,Active,0,Empty,f,-3
16,-66,Inactive,1,Empty,f,-3
16,-65,Active,4,Empty,f,-3
16,-65,Inactive,14,Empty,f,-3
16,-64,Active,1,Empty,f,-3
16,-64,Inactive,2,Empty,f,-3
16,-63,Active,39,Empty,f,-3
16,-63,Inactive,6,Empty,f,-3
16,-62,Active,21,Empty,f,-3
16,-62,Inactive,4,Empty,f,-3
16,-61,Active,11,Empty,f,-3
16,-61,Inactive,2,Empty,f,-3
16,-60,Active,1,Empty,f,-3
16,-60,Inactive,4,Empty,f,-3
16,-59,Active,0,Empty,f,-3
16,-59,Inactive,0,Empty,f,-3
16,-58,Active,0,Empty,f,-3
16,-58,Inactive,0,Empty,f,-3
16,-57,Active,10,Empty,f,-3
16,-57,Inactive,2,Empty,f,-3
16,-56,Active,0,Empty,f,-3
16,-56,Inactive,0,Empty,f,-3
16,-55,Active,1,Empty,f,-3
16,-55,Inactive,0,Empty,f,-3
16,-54,Active,9,Empty,f,-3
16,-54,Inactive,2,Empty,f,-3
16,-53,Active,0,Empty,f,-3
16,-53,Inactive,0,Empty,f,-3
16,-52,Active,2,Empty,f,-3
16,-52,Inactive,0,Empty,f,-3
16,-51,Active,0,Empty,f,-3
16,-51,Inactive,0,Empty,f,-3
16,-50,Active,3,Empty,f,-3
16,-50,Inactive,0,Empty,f,-3
16,-49,Active,0,Empty,f,-3
16,-49,Inactive,1,Empty,f,-3
16,-48,Active,0,Empty,f,-2
16,-48,Inactive,0,Empty,f,-2
16,-47,Active,6,Empty,f,-2
16,-47,Inactive,0,Empty,f,-2
16,-46,Active,1,Empty,f,-2
16,-46,Inactive,0,Empty,f,-2
16,-45,Active,0,Empty,f,-2
16,-45,Inactive,0,Empty,f,-2
16,-44,Active,4,Empty,f,-2
16,-44,Inactive,0,Empty,f,-2
16,-43,Active,0,Empty,f,-2
16,-43,Inactive,0,Empty,f,-2
16,-42,Active,0,Empty,f,-2
16,-42,Inactive,0,Empty,f,-2
16,-41,Active,5,Empty,f,-2
16,-41,Inactive,0,Empty,f,-2
16,-40,Active,4,Empty,f,-2
16,-40,Inactive,0,Empty,f,-2
16,-39,Active,19,Empty,f,-2
16,-39,Inactive,11,Empty,f,-2
16,-38,Active,11,Empty,f,-2
16,-38,Inactive,2,Empty,f,-2
16,-37,Active,16,Empty,f,-2
16,-37,Inactive,2,Empty,f,-2
16,-36,Active,11,Empty,f,-2
16,-36,Inactive,4,Empty,f,-2
16,-35,Active,22,Empty,f,-2
16,-35,Inactive,10,Empty,f,-2
16,-34,Active,7,Empty,f,-2
16,-34,Inactive,1,Empty,f,-2
16,-33,Active,0,Empty,f,-2
16,-33,Inactive,0,Empty,f,-2
16,-32,Active,6,Empty,f,-2
16,-32,Inactive,1,Empty,f,-2
16,-31,Active,3,Empty,f,-2
16,-31,Inactive,1,Empty,f,-2
16,-30,Active,5,Empty,f,-2
16,-30,Inactive,0,Empty,f,-2
16,-29,Active,0,Empty,f,-2
16,-29,Inactive,0,Empty,f,-2
16,-28,Active,2,Empty,f,-2
16,-28,Inactive,0,Empty,f,-2
16,-27,Active,3,Empty,f,-2
16,-27,Inactive,3,Empty,f,-2
16,-26,Active,3,Empty,f,-2
16,-26,Inactive,1,Empty,f,-2
16,-25,Active,2,Empty,f,-2
16,-25,Inactive,0,Empty,f,-2
16,-24,Active,0,Empty,f,-1
16,-24,Inactive,0,Empty,f,-1
16,-23,Active,5,Empty,f,-1
16,-23,Inactive,0,Empty,f,-1
16,-22,Active,0,Empty,f,-1
16,-22,Inactive,0,Empty,f,-1
16,-21,Active,1,Empty,f,-1
16,-21,Inactive,2,Empty,f,-1
16,-20,Active,0,Empty,f,-1
16,-20,Inactive,1,Empty,f,-1
16,-19,Active,1,Empty,f,-1
16,-19,Inactive,0,Empty,f,-1
16,-18,Active,0,Empty,f,-1
16,-18,Inactive,0,Empty,f,-1
16,-17,Active,12,Empty,f,-1
16,-17,Inactive,5,Empty,f,-1
16,-16,Active,7,Empty,f,-1
16,-16,Inactive,1,Empty,f,-1
16,-15,Active,14,Empty,f,-1
16,-15,Inactive,5,Empty,f,-1
16,-14,Active,13,Empty,f,-1
16,-14,Inactive,3,Empty,f,-1
16,-13,Active,16,Empty,f,-1
16,-13,Inactive,8,Empty,f,-1
16,-12,Active,17,Empty,f,-1
16,-12,Inactive,5,Empty,f,-1
16,-11,Active,12,Empty,f,-1
16,-11,Inactive,4,Empty,f,-1
16,-10,Active,11,Empty,f,-1
16,-10,Inactive,6,Empty,f,-1
16,-9,Active,1,Empty,f,-1
16,-9,Inactive,0,Empty,f,-1
16,-8,Active,9,Empty,f,-1
16,-8,Inactive,2,Empty,f,-1
16,-7,Active,1,Empty,f,-1
16,-7,Inactive,1,Empty,f,-1
16,-6,Active,0,Empty,f,-1
16,-6,Inactive,0,Empty,f,-1
16,-5,Active,5,Empty,f,-1
16,-5,Inactive,3,Empty,f,-1
16,-4,Active,2,Empty,f,-1
16,-4,Inactive,2,Empty,f,-1
16,-3,Active,0,Empty,f,-1
16,-3,Inactive,0,Empty,f,-1
16,-2,Active,0,Empty,f,-1
16,-2,Inactive,0,Empty,f,-1
16,-1,Active,0,Empty,f,-1
16,-1,Inactive,1,Empty,f,-1
16,0,Active,0,Social,f,0
16,0,Inactive,0,Social,f,0
16,1,Active,1,Social,f,0
16,1,Inactive,1,Social,f,0
16,2,Active,3,Social,f,0
16,2,Inactive,1,Social,f,0
16,3,Active,4,Social,f,0
16,3,Inactive,0,Social,f,0
16,4,Active,0,Social,f,0
16,4,Inactive,0,Social,f,0
16,5,Active,1,Social,f,0
16,5,Inactive,1,Social,f,0
16,6,Active,0,Social,f,0
16,6,Inactive,0,Social,f,0
16,7,Active,12,Social,f,0
16,7,Inactive,3,Social,f,0
16,8,Active,21,Social,f,0
16,8,Inactive,2,Social,f,0
16,9,Active,41,Social,f,0
16,9,Inactive,4,Social,f,0
16,10,Active,17,Social,f,0
16,10,Inactive,0,Social,f,0
16,11,Active,16,Social,f,0
16,11,Inactive,1,Social,f,0
16,12,Active,15,Social,f,0
16,12,Inactive,0,Social,f,0
16,13,Active,29,Social,f,0
16,13,Inactive,9,Social,f,0
16,14,Active,36,Social,f,0
16,14,Inactive,3,Social,f,0
16,15,Active,24,Social,f,0
16,15,Inactive,3,Social,f,0
16,16,Active,1,Social,f,0
16,16,Inactive,0,Social,f,0
16,17,Active,7,Social,f,0
16,17,Inactive,0,Social,f,0
16,18,Active,14,Social,f,0
16,18,Inactive,1,Social,f,0
16,19,Active,0,Social,f,0
16,19,Inactive,0,Social,f,0
16,20,Active,11,Social,f,0
16,20,Inactive,1,Social,f,0
16,21,Active,1,Social,f,0
16,21,Inactive,0,Social,f,0
16,22,Active,3,Social,f,0
16,22,Inactive,0,Social,f,0
16,23,Active,2,Social,f,0
16,23,Inactive,1,Social,f,0
16,24,Active,0,Social,f,1
16,24,Inactive,0,Social,f,1
16,25,Active,23,Social,f,1
16,25,Inactive,2,Social,f,1
16,26,Active,4,Social,f,1
16,26,Inactive,0,Social,f,1
16,27,Active,3,Social,f,1
16,27,Inactive,0,Social,f,1
16,28,Active,0,Social,f,1
16,28,Inactive,0,Social,f,1
16,29,Active,10,Social,f,1
16,29,Inactive,1,Social,f,1
16,30,Active,5,Social,f,1
16,30,Inactive,0,Social,f,1
16,31,Active,22,Social,f,1
16,31,Inactive,2,Social,f,1
16,32,Active,30,Social,f,1
16,32,Inactive,2,Social,f,1
16,33,Active,19,Social,f,1
16,33,Inactive,0,Social,f,1
16,34,Active,16,Social,f,1
16,34,Inactive,1,Social,f,1
16,35,Active,28,Social,f,1
16,35,Inactive,6,Social,f,1
16,36,Active,12,Social,f,1
16,36,Inactive,5,Social,f,1
16,37,Active,18,Social,f,1
16,37,Inactive,0,Social,f,1
16,38,Active,38,Social,f,1
16,38,Inactive,3,Social,f,1
16,39,Active,22,Social,f,1
16,39,Inactive,4,Social,f,1
16,40,Active,20,Social,f,1
16,40,Inactive,0,Social,f,1
16,41,Active,19,Social,f,1
16,41,Inactive,0,Social,f,1
16,42,Active,16,Social,f,1
16,42,Inactive,0,Social,f,1
16,43,Active,4,Social,f,1
16,43,Inactive,0,Social,f,1
16,44,Active,3,Social,f,1
16,44,Inactive,0,Social,f,1
16,45,Active,0,Social,f,1
16,45,Inactive,0,Social,f,1
16,46,Active,2,Social,f,1
16,46,Inactive,0,Social,f,1
16,47,Active,0,Social,f,1
16,47,Inactive,0,Social,f,1
16,48,Active,18,Social,f,2
16,48,Inactive,2,Social,f,2
16,49,Active,12,Social,f,2
16,49,Inactive,7,Social,f,2
16,50,Active,15,Social,f,2
16,50,Inactive,4,Social,f,2
16,51,Active,5,Social,f,2
16,51,Inactive,2,Social,f,2
16,52,Active,0,Social,f,2
16,52,Inactive,0,Social,f,2
16,53,Active,6,Social,f,2
16,53,Inactive,3,Social,f,2
16,54,Active,0,Social,f,2
16,54,Inactive,0,Social,f,2
16,55,Active,17,Social,f,2
16,55,Inactive,6,Social,f,2
16,56,Active,4,Social,f,2
16,56,Inactive,2,Social,f,2
16,57,Active,25,Social,f,2
16,57,Inactive,4,Social,f,2
16,58,Active,10,Social,f,2
16,58,Inactive,0,Social,f,2
16,59,Active,29,Social,f,2
16,59,Inactive,8,Social,f,2
16,60,Active,19,Social,f,2
16,60,Inactive,1,Social,f,2
16,61,Active,17,Social,f,2
16,61,Inactive,1,Social,f,2
16,62,Active,19,Social,f,2
16,62,Inactive,4,Social,f,2
16,63,Active,1,Social,f,2
16,63,Inactive,0,Social,f,2
16,64,Active,3,Social,f,2
16,64,Inactive,1,Social,f,2
16,65,Active,27,Social,f,2
16,65,Inactive,5,Social,f,2
16,66,Active,3,Social,f,2
16,66,Inactive,0,Social,f,2
16,67,Active,0,Social,f,2
16,67,Inactive,0,Social,f,2
16,68,Active,1,Social,f,2
16,68,Inactive,0,Social,f,2
16,69,Active,2,Social,f,2
16,69,Inactive,0,Social,f,2
16,70,Active,2,Social,f,2
16,70,Inactive,1,Social,f,2
16,71,Active,1,Social,f,2
16,71,Inactive,0,Social,f,2
